sample_id,composition,measured_log10_e_gpa,measured_e_gpa,hpsafemoe__oof_locked__pred_log10_e_gpa,hpsafemoe__oof_locked__pred_e_gpa,hpsafemoe__oof_locked__fold_std_log10,hpsafemoe__oof_locked__outer_0_log10_e_gpa,hpsafemoe__oof_locked__outer_1_log10_e_gpa,hpsafemoe__oof_locked__outer_2_log10_e_gpa,hpsafemoe__oof_locked__outer_3_log10_e_gpa,hpsafemoe__oof_locked__outer_4_log10_e_gpa,ablation_no_safety__pred_log10_e_gpa,ablation_no_safety__pred_e_gpa,ablation_no_safety__fold_std_log10,ablation_no_safety__outer_0_log10_e_gpa,ablation_no_safety__outer_1_log10_e_gpa,ablation_no_safety__outer_2_log10_e_gpa,ablation_no_safety__outer_3_log10_e_gpa,ablation_no_safety__outer_4_log10_e_gpa,stage1_specialist_only__pred_log10_e_gpa,stage1_specialist_only__pred_e_gpa,stage1_specialist_only__fold_std_log10,stage1_specialist_only__outer_0_log10_e_gpa,stage1_specialist_only__outer_1_log10_e_gpa,stage1_specialist_only__outer_2_log10_e_gpa,stage1_specialist_only__outer_3_log10_e_gpa,stage1_specialist_only__outer_4_log10_e_gpa,hpsafemoe_both_kg_accepted_fold_count,hpsafemoe_both_kg_accepted_fraction
b2mpei18-0,Co3 Hf2 Ni3 Ti2 Zr2,1.973127854,94.0000000866424,2.2828517371275425,191.80138422101157,0.034068228984971374,2.316406388520571,2.2568385548614964,2.299127622393829,2.304791538453783,2.237094581408034,2.280248059464607,190.6549386135643,0.03175604054130898,2.3086873790591,2.2574463700816856,2.293736538634782,2.3048919441674203,2.2364780653800485,2.2853514332234246,192.90853070523718,0.03671527684126222,2.3241023098805607,2.256712258461633,2.304261359086872,2.3046895536429313,2.236991685045124,4,0.8
b2mpei18-1,Co3 Cu3 Fe3 Hf4 Ni3 Ti4 Zr4,2.220108088,165.99999998468974,2.2870520017306837,193.66538419155034,0.022510378952225227,2.295705200382537,2.2756419067296663,2.3060064778545133,2.3047538665544574,2.253152557132247,2.2906190940908004,195.26261181200147,0.024879782429108984,2.308876254206131,2.2763024233721687,2.3070839015235114,2.3074205693037215,2.253412322048469,2.2835798998016186,192.12323900670566,0.02115580955626391,2.282495165586993,2.275480696981209,2.3047831059495603,2.302082425608183,2.2530581048821445,4,0.8
b2mpei18-2,Co3 Cu3 Hf2 Ti2 Zr2,2.045322979,111.00000005452753,2.2582301981305823,181.2300449352065,0.0377867642784614,2.294047100534867,2.235019551614201,2.2822430586011184,2.276270855216089,2.2035704246866383,2.2565845839514904,180.54463347716958,0.03714907396691835,2.288775308956599,2.2345779358711733,2.280391536467506,2.2773727523561487,2.2018053861060256,2.2594068119526414,181.72170877937182,0.03922974221983155,2.2993067780432277,2.235249790786811,2.283878497091368,2.2751662651318836,2.2034327287099145,4,0.8
b2mpei18-3,Co17 Hf5 Ni33 Ti36 Zr9,2.021189299,104.99999998309097,2.2550129757607538,179.8924662225049,0.030496298826522886,2.2228840461584833,2.301095622966636,2.268269543567805,2.2444312476390547,2.23838441847179,2.253572448937923,179.29676299999588,0.03236276385642831,2.2250227590250593,2.3069196236465745,2.2595935854223574,2.241099147563859,2.2352271290317645,2.2565216363180967,180.518466822311,0.03131634385823326,2.2207452019406557,2.2992056534796186,2.276715645528783,2.247762960960536,2.238178719680889,4,0.8
b2mpei18-4,Co10 Ni15 Ti19 Zr6,2.064457989,115.99999993939014,2.245354890771614,175.9360716814804,0.022980323024063283,2.221467552497933,2.2823812174559848,2.2496193167283653,2.2358777988256193,2.237428568350169,2.2453178491224324,175.92106646128033,0.026423573315415345,2.2226673397531083,2.2903723560437665,2.2445671919156465,2.2317644888215704,2.237217869078071,2.2463224106075197,176.32845840706366,0.022292490161515754,2.220267765239912,2.2797434301415844,2.2545053729092435,2.2399898890624357,2.2371055956844246,4,0.8
b2mpei18-5,Co8 Ti1 Zr7,2.064457989,115.99999993939014,2.3044835739437497,201.5967720500484,0.019415895359153768,2.3039586048790044,2.2956183600833406,2.3311717437512165,2.312674589088074,2.2789945719171114,2.3064432199983873,202.50848283359326,0.02395701084614117,2.307634366331523,2.301610590867816,2.3371736663123817,2.3148043772169777,2.2709930992632383,2.301653132464499,200.28717107247638,0.01741802323487142,2.300280829434737,2.2936543462181467,2.325010467752445,2.3105394566485282,2.2787805622686386,4,0.8
b2mpei18-6,Co8 Hf1 Zr7,2.089905111,122.99999987555466,2.3048777271233356,201.77981853286198,0.02464061734519723,2.3036423524393705,2.30204690340754,2.335088943639185,2.315936129668225,2.2676743064623572,2.307178068623393,202.85142767195774,0.029898581467188497,2.30722033489219,2.307976115316971,2.3423017289263925,2.3183052457578173,2.2600869182235943,2.3018034304945614,200.35649725092694,0.022298526693705797,2.3000626953796255,2.300124147450786,2.3277168916302413,2.313562817586719,2.2675506004254333,4,0.8
b2mpei18-7,Co1 Ni1 Ti1 Zr1,1.959041392,90.99999993271959,2.2535292820019936,179.2789425864964,0.017906766952785803,2.27194623706877,2.239051191219028,2.2566961378549437,2.268665125190257,2.231287718676971,2.2549126581205368,179.85091767802658,0.019541545212372172,2.2784286043499966,2.2450711267943255,2.2492426967604495,2.2710778356334678,2.230743027064444,2.2527830541892486,178.97116049829714,0.01719748592489827,2.2654572344161568,2.237081220586978,2.2639977754266027,2.2662472486581735,2.231131791858332,4,0.8
b2mpei18-8,Co1 Cu1 Hf1 Ni3 Ti3 Zr1,1.858212972,72.14611870247266,2.2497069957467293,177.7080067826651,0.019846271352289217,2.227471542017432,2.2693602827963217,2.262501297486244,2.260076600152345,2.2291252562813035,2.2482345749416224,177.10653033322896,0.018359500810964997,2.2322906025810987,2.2689976995295322,2.2530854745237607,2.2606140967374184,2.2261850013363005,2.2504901469963823,178.0287518337448,0.023091053748292015,2.222649235248746,2.269531379826655,2.27173421163461,2.2595381946031403,2.228997713668759,4,0.8
b2mpei18-9,Co3 Cu3 Hf3 Ni4 Ti4 Zr3,1.851773919,71.08433730584781,2.2578698831058346,181.07974869589185,0.025851845159234492,2.2756147424897266,2.2413866052648332,2.2715226112862807,2.2803215714646874,2.220503885023645,2.2600232531653086,181.97982923547167,0.02609840850115229,2.283460646555336,2.2419265647622124,2.2668222452614954,2.2833455272838727,2.2245612819636262,2.2565532765138814,180.5316188376708,0.024903910203761297,2.2677564061982434,2.2412568261636614,2.2760933057250448,2.277292303744643,2.2203675407378154,4,0.8
b2mpei18-10,Co18 Cu9 Hf7 Ni73 Ti78 Zr15,1.982271233,95.99999999125349,2.242175946963495,174.65295861267066,0.026319021131659577,2.2145168397880024,2.2788001693076705,2.2596136780352767,2.231400839107553,2.2265482085789743,2.2406179477775643,174.0275266164535,0.027563095349453882,2.216356111050729,2.2835226865296847,2.252257953051417,2.2282537780714997,2.2226992101844933,2.243513416813024,175.19165559503136,0.02741770517059794,2.2126774147043298,2.2772849799708785,2.2667397317180464,2.2345471563644077,2.226317801307457,4,0.8
b2mpei18-11,Co1 Cu1 Hf1 Ni1 Ti1 Zr1,1.907756281,80.86419750979914,2.2610003624723443,182.38972245863357,0.020896015231359127,2.257493694546368,2.2541110263745985,2.2810243391245546,2.28108121065193,2.231291541664272,2.264288878081479,183.7760353255621,0.020025166618905237,2.266330909331716,2.25676229304526,2.2799545498219613,2.284157976213682,2.2342386619947745,2.2586062241671727,181.38702764828145,0.021231577101534473,2.248640568466083,2.253278064606667,2.281962502748927,2.2779993225982165,2.2311506624159705,4,0.8
b2mpei18-12,Co6 Fe3 Hf5 Ni6 Ti5 Zr5,2.041392685,109.99999995992405,2.305865676292072,202.23935722532357,0.022931201387526884,2.3172356749669105,2.2944952121604545,2.3224344186283994,2.3243492286555854,2.2708138470490113,2.3079312371669682,203.20352487018545,0.02747715266286162,2.3276909108354142,2.297448999109528,2.323352236421995,2.3270211680622466,2.264142871405656,2.3028159038542424,200.82413445907082,0.021403838881125653,2.3067551619809397,2.29357461087685,2.321378979195332,2.321671288157943,2.270699479060147,4,0.8
b2mpei18-13,Co36 Fe3 Hf25 Ni36 Ti25 Zr25,2.008600172,102.00000005591691,2.2917799913974797,195.78525965739038,0.026290189053461383,2.316108414522014,2.271205730859269,2.312309896109923,2.3023666713463053,2.2569092441498864,2.2932576690346576,196.45254936960603,0.028928169759950852,2.3268151751034303,2.2735746447417435,2.3088235834747053,2.3026015749692537,2.2544733668841546,2.2900795030312815,195.02015758481787,0.025114266063176547,2.3053776005304627,2.2704788579247026,2.315611402534005,2.3021305256247477,2.2567991285424904,4,0.8
b2mpei18-14,Co37 Fe6 Ni57 Ti84 Zr16,2.041392685,109.99999995992405,2.2536910174409255,179.34572022125525,0.028902330091838777,2.2180493537355623,2.272190067377725,2.254752601149118,2.2900017374122608,2.23346132752996,2.2435921210481373,175.22340726419617,0.023801532361821462,2.219434216680664,2.280114334726534,2.252689155803759,2.228646911687433,2.2370759863422984,2.2532333082348375,179.15680475290876,0.02910730080764727,2.216664490464091,2.2695774054235907,2.25660359346439,2.2902186865408023,2.233102365281312,3,0.6
b2mpei18-15,Co27 Fe6 Hf20 Ni27 Ti20 Zr20,2.017033339,103.99999992845144,2.297037120577936,198.16964006764374,0.019791131134629478,2.3071064156337755,2.2861956966958554,2.31539709353327,2.3089322484452333,2.2675541485815454,2.299138077938248,199.13063467312733,0.023240591946753496,2.319639986840499,2.2895055406819487,2.314639994024433,2.3089671533062166,2.2629377148381424,2.294407454826083,196.97334258155666,0.019291873246019487,2.2945391764786414,2.285157504321065,2.3159994958581325,2.30889628548251,2.267444811990067,4,0.8
b2mpei18-16,Co23 Fe15 Ni62 Ti87 Zr13,2.136720567,136.99999995066077,2.2310006020981747,170.2160868238983,0.03011026100157666,2.1948564642672928,2.244186382633376,2.231724615802901,2.2729280039249824,2.21130754386232,2.221975843663095,166.7154479470187,0.02321509588155583,2.196115988552771,2.253995927623872,2.2364250400491836,2.207166059264981,2.216176202824666,2.2290791655115356,169.4646681518281,0.03031148380656452,2.193596928904616,2.240952751909441,2.2267826807219224,2.273131260190592,2.2109322058311074,3,0.6
b2mpei18-17,Co29 Fe18 Ni53 Ti80 Zr20,2.103803721,127.0000000128794,2.2555057369882396,180.09669248842496,0.019716435762592296,2.2361488415882738,2.284475936503343,2.2658263740076463,2.241308344208733,2.249769188633203,2.2560418721421995,180.31915856997617,0.022521758942561483,2.2376423111087504,2.291425090037567,2.2640518397233764,2.237981682504011,2.249108437337293,2.2556582500378624,180.1599489201238,0.018997442301393837,2.234655350459602,2.282198176902681,2.2673889783414087,2.2446343859245115,2.2494143585611086,4,0.8
