calibration_index,calibration_sample_id,algorithm,fitted_shift_log10_e_gpa,test_n,test_mae,test_rmse,test_max_error
0,b2mpei18-0,Stage 1 + 5% output-bias calibration,-0.3122235792234247,17,0.09454151282341501,0.1133430059969235,0.24875176742180605
0,b2mpei18-0,HP-SafeMoE + 5% output-bias calibration,-0.3097238831275426,17,0.0922292524415789,0.11103913181071941,0.24277996939685886
1,b2mpei18-1,Stage 1 + 5% output-bias calibration,-0.06347181180161865,17,0.19369397480051637,0.20902818670392764,0.34130754571226274
1,b2mpei18-1,HP-SafeMoE + 5% output-bias calibration,-0.06694391373068376,17,0.19090982338359877,0.206442617355929,0.33915205037515084
2,b2mpei18-2,Stage 1 + 5% output-bias calibration,-0.214083832952642,17,0.0778947399380112,0.0967772365358042,0.1906955245612394
2,b2mpei18-2,HP-SafeMoE + 5% output-bias calibration,-0.21290721913058253,17,0.07852689962173824,0.09718762896426693,0.19318874497525207
3,b2mpei18-3,Stage 1 + 5% output-bias calibration,-0.23533233731809666,17,0.07289509185202186,0.09159443542907601,0.171860525516478
3,b2mpei18-3,HP-SafeMoE + 5% output-bias calibration,-0.23382367676075377,17,0.07336239229784468,0.09158387061243478,0.17227228734508082
4,b2mpei18-4,Stage 1 + 5% output-bias calibration,-0.1818644216075196,17,0.09632630859092028,0.11256216403120488,0.2229149359063618
4,b2mpei18-4,HP-SafeMoE + 5% output-bias calibration,-0.180896901771614,17,0.09728486433999539,0.11339395181083267,0.2251990623342206
5,b2mpei18-5,Stage 1 + 5% output-bias calibration,-0.23719514346449877,17,0.07267593818773926,0.09137579365221515,0.17372333166288012
5,b2mpei18-5,HP-SafeMoE + 5% output-bias calibration,-0.2400255849437496,17,0.07263275604102164,0.09084067734087696,0.17308167121306584
6,b2mpei18-6,Stage 1 + 5% output-bias calibration,-0.21189831949456162,17,0.07866609762909839,0.0975729372387274,0.19288103801931977
6,b2mpei18-6,HP-SafeMoE + 5% output-bias calibration,-0.2149726161233354,17,0.07779793597723723,0.09643523489810643,0.1911233479824992
7,b2mpei18-7,Stage 1 + 5% output-bias calibration,-0.2937416621892486,17,0.08366979692095847,0.1031130082048709,0.23026985038762993
7,b2mpei18-7,HP-SafeMoE + 5% output-bias calibration,-0.2944878900019936,17,0.08326690354419712,0.10276048449698186,0.22754397627130984
8,b2mpei18-8,Stage 1 + 5% output-bias calibration,-0.39227717499638226,17,0.1559237253489391,0.17547108172785691,0.3288053631947636
8,b2mpei18-8,HP-SafeMoE + 5% output-bias calibration,-0.39149402374672926,17,0.1544493449109324,0.1738613393823186,0.3245501100160455
9,b2mpei18-9,Stage 1 + 5% output-bias calibration,-0.4047793575138814,17,0.16769048536540887,0.18659473646831723,0.34130754571226274
9,b2mpei18-9,HP-SafeMoE + 5% output-bias calibration,-0.4060959641058346,17,0.16819234760185503,0.18685255087913655,0.33915205037515084
10,b2mpei18-10,Stage 1 + 5% output-bias calibration,-0.2612421838130241,17,0.07267593818773926,0.0921564742398168,0.19777037201140546
10,b2mpei18-10,HP-SafeMoE + 5% output-bias calibration,-0.2599047139634951,17,0.07263275604102164,0.09146817902741883,0.19296080023281137
11,b2mpei18-11,Stage 1 + 5% output-bias calibration,-0.3508499431671728,17,0.12180718148959013,0.14074856785507994,0.2873781313655541
11,b2mpei18-11,HP-SafeMoE + 5% output-bias calibration,-0.3532440814723443,17,0.1229493924496742,0.14174958859419712,0.28630016774166056
12,b2mpei18-12,Stage 1 + 5% output-bias calibration,-0.26142321885424247,17,0.0726972364278826,0.09218751839709421,0.19795140705262382
12,b2mpei18-12,HP-SafeMoE + 5% output-bias calibration,-0.264472991292072,17,0.07317020043261892,0.09225491364596318,0.19752907756138827
13,b2mpei18-13,Stage 1 + 5% output-bias calibration,-0.28147933103128153,17,0.07789928814073868,0.0977870015218436,0.21800751922966288
13,b2mpei18-13,HP-SafeMoE + 5% output-bias calibration,-0.2831798193974797,17,0.07794545855383764,0.09779505448321149,0.21623590566679596
14,b2mpei18-14,Stage 1 + 5% output-bias calibration,-0.21184062323483754,17,0.07869324881014501,0.09759455745275544,0.19293873427904384
14,b2mpei18-14,HP-SafeMoE + 5% output-bias calibration,-0.21229833244092555,17,0.078813434534518,0.09741717791260751,0.19379763166490904
15,b2mpei18-15,Stage 1 + 5% output-bias calibration,-0.27737411582608296,17,0.07645038865655096,0.09630797893871693,0.2139023040244643
15,b2mpei18-15,HP-SafeMoE + 5% output-bias calibration,-0.28000378157793593,17,0.07682450402929278,0.09660684862206247,0.21305986784725217
16,b2mpei18-16,Stage 1 + 5% output-bias calibration,-0.09235859851153583,17,0.1665064108382414,0.18271814713958462,0.31242075900234556
16,b2mpei18-16,HP-SafeMoE + 5% output-bias calibration,-0.09428003509817495,17,0.16518170915537175,0.18158278075297427,0.31181592900765964
17,b2mpei18-17,Stage 1 + 5% output-bias calibration,-0.15185452903786256,17,0.11750976216950171,0.13313672749960723,0.2529248284760188
17,b2mpei18-17,HP-SafeMoE + 5% output-bias calibration,-0.15170201598823985,17,0.11789301901061243,0.13365165902089207,0.25439394811759475
