sample_id,target
rii-0005,2.664936674827074
rii-0007,1.743959457297592
rii-0008,1.7427207839039691
rii-0011,2.1085146174504015
rii-0016,1.9954513547263621
rii-0017,1.9257910873751158
rii-0022,1.6968806706711335
rii-0023,1.786901475886938
rii-0024,1.4781752243129251
rii-0027,1.9760184111830315
rii-0038,1.8068461480800402
rii-0040,1.5992058369463036
rii-0041,1.9315224
rii-0042,1.8389453280150103
rii-0056,2.1378879223547167
rii-0061,1.8397840898343996
rii-0064,1.8183817966968423
rii-0065,1.9100840876821072
rii-0068,1.9710794662372022
rii-0076,1.9304370523826309
rii-0077,1.8326456356008374
rii-0078,2.080640932660302
rii-0080,2.2377523423546974
