formula,formula_key,status,reason_codes,dataset_row,record_count,structure_bank_indices
Ag,Ag:1,included_sensitivity_only,ABSORPTION_AT_589_3_NM|METALLIC_OR_CONDUCTING_EXTENSION,0,14,
Al,Al:1,included_sensitivity_only,ABSORPTION_AT_589_3_NM|METALLIC_OR_CONDUCTING_EXTENSION,1,6,
Ar,Ar:1,excluded_no_structure_match,NO_EXACT_COMPOSITION_STRUCTURE_IN_MP_GAP,,10,
Au,Au:1,included_sensitivity_only,ABSORPTION_AT_589_3_NM|METALLIC_OR_CONDUCTING_EXTENSION,2,12,
AuAl2,Al:2;Au:1,included_sensitivity_only,ABSORPTION_AT_589_3_NM|METALLIC_OR_CONDUCTING_EXTENSION,3,1,
B,B:1,included_sensitivity_only,ABSORPTION_AT_589_3_NM,4,1,
BaGa2GeSe6,Ba:1;Ga:2;Ge:1;Se:6,excluded_no_589_3_nm_scalar,NO_SCALAR_N_AT_589_3_NM,,2,49713
BaGa4Se7,Ba:1;Ga:4;Se:7,included_core,,5,6,
Be,Be:1,included_sensitivity_only,ABSORPTION_AT_589_3_NM|METALLIC_OR_CONDUCTING_EXTENSION,6,2,
BeAl2O4,Al:2;Be:1;O:4,included_core,,7,3,
BeAl6O10,Al:6;Be:1;O:10,included_core,,8,3,
Bi,Bi:1,included_sensitivity_only,ABSORPTION_AT_589_3_NM|METALLIC_OR_CONDUCTING_EXTENSION,9,2,
Bi2Te3,Bi:2;Te:3,included_sensitivity_only,ABSORPTION_AT_589_3_NM|SAMPLE_FORM_DIFFERS_FROM_IDEAL_BULK,10,1,
Bi4Ge3O12,Bi:4;Ge:3;O:12,included_core,,11,1,
C12H24O12,C:1;H:2;O:1,excluded_no_structure_match,NO_EXACT_COMPOSITION_STRUCTURE_IN_MP_GAP,,1,
C32H44N2O6,C:16;H:22;N:1;O:3,excluded_no_structure_match,NO_EXACT_COMPOSITION_STRUCTURE_IN_MP_GAP,,3,
C50H80N2O4,C:25;H:40;N:1;O:2,excluded_no_structure_match,NO_EXACT_COMPOSITION_STRUCTURE_IN_MP_GAP,,4,
C8H5KO4,C:8;H:5;K:1;O:4,excluded_no_structure_match,NO_EXACT_COMPOSITION_STRUCTURE_IN_MP_GAP,,3,
CH3NH3PbBr3,Br:3;C:1;H:6;N:1;Pb:1,included_sensitivity_only,STRUCTURE_OR_PHASE_PROXY,12,2,
CH3NH3PbI3,C:1;H:6;I:3;N:1;Pb:1,included_sensitivity_only,ABSORPTION_AT_589_3_NM|STRUCTURE_OR_PHASE_PROXY,13,2,
CH8I3NOPb,C:1;H:8;I:3;N:1;O:1;Pb:1,excluded_no_structure_match,NO_EXACT_COMPOSITION_STRUCTURE_IN_MP_GAP,,1,
Ca,Ca:1,included_sensitivity_only,ABSORPTION_AT_589_3_NM|METALLIC_OR_CONDUCTING_EXTENSION|STRUCTURE_OR_PHASE_PROXY,14,1,
CaGdAlO4,Al:1;Ca:1;Gd:1;O:4,included_sensitivity_only,ORDERED_PROXY_FOR_SITE_DISORDER|STRUCTURE_OR_PHASE_PROXY,15,2,
CaMg(CO3)2,C:2;Ca:1;Mg:1;O:6,excluded_no_589_3_nm_scalar,NO_SCALAR_N_AT_589_3_NM,,2,83945
CaMoO4,Ca:1;Mo:1;O:4,included_core,,16,2,
CaWO4,Ca:1;O:4;W:1,included_core,,17,2,
CaYAlO4,Al:1;Ca:1;O:4;Y:1,included_sensitivity_only,ORDERED_PROXY_FOR_SITE_DISORDER|STRUCTURE_OR_PHASE_PROXY,18,2,
CdGeAs2,As:2;Cd:1;Ge:1,excluded_no_589_3_nm_scalar,NO_SCALAR_N_AT_589_3_NM,,2,104266
Co,Co:1,included_sensitivity_only,ABSORPTION_AT_589_3_NM|METALLIC_OR_CONDUCTING_EXTENSION,19,2,
Cr,Cr:1,included_sensitivity_only,ABSORPTION_AT_589_3_NM|METALLIC_OR_CONDUCTING_EXTENSION,20,3,
Cs,Cs:1,included_sensitivity_only,ABSORPTION_AT_589_3_NM|METALLIC_OR_CONDUCTING_EXTENSION|STRUCTURE_OR_PHASE_PROXY,21,4,
CsBr,Br:1;Cs:1,included_core,,22,3,
CsI,Cs:1;I:1,included_core,,23,3,
CsLiB6O10,B:6;Cs:1;Li:1;O:10,included_core,,24,2,
CsPbBr3,Br:3;Cs:1;Pb:1,included_sensitivity_only,OPTICAL_TENSOR_AND_PHASE_ALIGNMENT_LIMITED,25,3,
Cu,Cu:1,included_sensitivity_only,ABSORPTION_AT_589_3_NM|METALLIC_OR_CONDUCTING_EXTENSION,26,8,
Dy2O3,Dy:2;O:3,included_core,,27,1,
Fe,Fe:1,included_sensitivity_only,ABSORPTION_AT_589_3_NM|METALLIC_OR_CONDUCTING_EXTENSION,28,4,
Fe3O4,Fe:3;O:4,included_sensitivity_only,ABSORPTION_AT_589_3_NM|STRUCTURE_OR_PHASE_PROXY,29,1,
GaSb,Ga:1;Sb:1,included_sensitivity_only,ABSORPTION_AT_589_3_NM,30,3,
GdF3,F:3;Gd:1,included_sensitivity_only,SAMPLE_FORM_DIFFERS_FROM_IDEAL_BULK|THIN_FILM_TO_BULK_STRUCTURE_TRANSFER,31,1,
Ge2Sb2Te5,Ge:2;Sb:2;Te:5,excluded_no_structure_match,NO_EXACT_COMPOSITION_STRUCTURE_IN_MP_GAP,,1,
Hf,Hf:1,excluded_no_589_3_nm_scalar,NO_SCALAR_N_AT_589_3_NM,,1,20205|33241|83176
HfSe2,Hf:1;Se:2,included_sensitivity_only,ABSORPTION_AT_589_3_NM,32,2,
In,In:1,included_sensitivity_only,ABSORPTION_AT_589_3_NM|METALLIC_OR_CONDUCTING_EXTENSION,33,4,
InAs,As:1;In:1,included_sensitivity_only,ABSORPTION_AT_589_3_NM,34,3,
InSb,In:1;Sb:1,included_sensitivity_only,ABSORPTION_AT_589_3_NM,35,3,
Ir,Ir:1,included_sensitivity_only,ABSORPTION_AT_589_3_NM|METALLIC_OR_CONDUCTING_EXTENSION,36,2,
K,K:1,included_sensitivity_only,ABSORPTION_AT_589_3_NM|METALLIC_OR_CONDUCTING_EXTENSION,37,6,
KTiOPO4,K:1;O:5;P:1;Ti:1,included_core,,38,3,
Kr,Kr:1,excluded_no_structure_match,NO_EXACT_COMPOSITION_STRUCTURE_IN_MP_GAP,,6,
Li,Li:1,included_sensitivity_only,ABSORPTION_AT_589_3_NM|METALLIC_OR_CONDUCTING_EXTENSION,39,5,
LiB3O5,B:3;Li:1;O:5,included_core,,40,3,
Lu2O3,Lu:2;O:3,included_core,,41,3,
Lu3Al5O12,Al:5;Lu:3;O:12,included_core,,42,1,
LuAl3(BO3)4,Al:3;B:4;Lu:1;O:12,excluded_no_structure_match,NO_EXACT_COMPOSITION_STRUCTURE_IN_MP_GAP,,2,
Mg,Mg:1,included_sensitivity_only,ABSORPTION_AT_589_3_NM|METALLIC_OR_CONDUCTING_EXTENSION,43,1,
Mn,Mn:1,included_sensitivity_only,ABSORPTION_AT_589_3_NM|METALLIC_OR_CONDUCTING_EXTENSION,44,2,
MnPSe3,Mn:1;P:1;Se:3,included_sensitivity_only,ABSORPTION_AT_589_3_NM,45,1,
Mo,Mo:1,included_sensitivity_only,ABSORPTION_AT_589_3_NM|METALLIC_OR_CONDUCTING_EXTENSION,46,5,
MoO2,Mo:1;O:2,included_sensitivity_only,ABSORPTION_AT_589_3_NM|METALLIC_OR_CONDUCTING_EXTENSION,47,1,
MoO3,Mo:1;O:3,included_sensitivity_only,ABSORPTION_AT_589_3_NM,48,3,
MoOCl2,Cl:2;Mo:1;O:1,included_sensitivity_only,ABSORPTION_AT_589_3_NM,49,3,
Na,Na:1,included_sensitivity_only,ABSORPTION_AT_589_3_NM|METALLIC_OR_CONDUCTING_EXTENSION,50,6,
Nb,Nb:1,included_sensitivity_only,ABSORPTION_AT_589_3_NM|METALLIC_OR_CONDUCTING_EXTENSION,51,5,
Ni,Ni:1,included_sensitivity_only,ABSORPTION_AT_589_3_NM|METALLIC_OR_CONDUCTING_EXTENSION,52,5,
NiPS3,Ni:1;P:1;S:3,included_sensitivity_only,ABSORPTION_AT_589_3_NM,53,1,
Os,Os:1,included_sensitivity_only,ABSORPTION_AT_589_3_NM|METALLIC_OR_CONDUCTING_EXTENSION,54,3,
Pb,Pb:1,included_sensitivity_only,ABSORPTION_AT_589_3_NM|METALLIC_OR_CONDUCTING_EXTENSION,55,7,
Pb5Ge3O11,Ge:3;O:11;Pb:5,included_core,,56,2,
Pd,Pd:1,included_sensitivity_only,ABSORPTION_AT_589_3_NM|METALLIC_OR_CONDUCTING_EXTENSION,57,5,
Pt,Pt:1,included_sensitivity_only,ABSORPTION_AT_589_3_NM|METALLIC_OR_CONDUCTING_EXTENSION,58,4,
PtAl2,Al:2;Pt:1,included_sensitivity_only,ABSORPTION_AT_589_3_NM|METALLIC_OR_CONDUCTING_EXTENSION,59,1,
Rb,Rb:1,included_sensitivity_only,ABSORPTION_AT_589_3_NM|METALLIC_OR_CONDUCTING_EXTENSION,60,5,
RbTiOPO4,O:5;P:1;Rb:1;Ti:1,included_core,,61,3,
Re,Re:1,excluded_no_589_3_nm_scalar,NO_SCALAR_N_AT_589_3_NM,,1,26214|57190|71149|90539
ReS2,Re:1;S:2,included_sensitivity_only,ABSORPTION_AT_589_3_NM|SAMPLE_FORM_DIFFERS_FROM_IDEAL_BULK,62,3,
Rh,Rh:1,included_sensitivity_only,ABSORPTION_AT_589_3_NM|METALLIC_OR_CONDUCTING_EXTENSION,63,2,
Ru,Ru:1,excluded_no_589_3_nm_scalar,NO_SCALAR_N_AT_589_3_NM,,1,5191|83721
ScAlMgO4,Al:1;Mg:1;O:4;Sc:1,included_core,,64,2,
Sn,Sn:1,excluded_no_589_3_nm_scalar,NO_SCALAR_N_AT_589_3_NM,,3,16530|18801|21323|24256|25826|27804|36172|43195|83371
SrMoO4,Mo:1;O:4;Sr:1,included_core,,65,2,
Ta,Ta:1,included_sensitivity_only,ABSORPTION_AT_589_3_NM|METALLIC_OR_CONDUCTING_EXTENSION,66,3,
TaSe2,Se:2;Ta:1,included_sensitivity_only,ABSORPTION_AT_589_3_NM|METALLIC_OR_CONDUCTING_EXTENSION|SAMPLE_FORM_DIFFERS_FROM_IDEAL_BULK|STRUCTURE_OR_PHASE_PROXY,67,2,
Tb3Ga5O12,Ga:5;O:12;Tb:3,included_core,,68,2,
Ti,Ti:1,included_sensitivity_only,ABSORPTION_AT_589_3_NM|METALLIC_OR_CONDUCTING_EXTENSION,69,7,
Ti3C2,C:2;Ti:3,included_sensitivity_only,ABSORPTION_AT_589_3_NM|METALLIC_OR_CONDUCTING_EXTENSION,70,1,
TiC,C:1;Ti:1,included_sensitivity_only,ABSORPTION_AT_589_3_NM|METALLIC_OR_CONDUCTING_EXTENSION,71,1,
V,V:1,included_sensitivity_only,ABSORPTION_AT_589_3_NM|METALLIC_OR_CONDUCTING_EXTENSION,72,2,
VC,C:1;V:1,included_sensitivity_only,ABSORPTION_AT_589_3_NM|METALLIC_OR_CONDUCTING_EXTENSION,73,1,
VN,N:1;V:1,included_sensitivity_only,ABSORPTION_AT_589_3_NM|METALLIC_OR_CONDUCTING_EXTENSION|STRUCTURE_OR_PHASE_PROXY,74,1,
W,W:1,included_sensitivity_only,ABSORPTION_AT_589_3_NM|METALLIC_OR_CONDUCTING_EXTENSION|STRUCTURE_OR_PHASE_PROXY,75,6,
Xe,Xe:1,excluded_no_structure_match,NO_EXACT_COMPOSITION_STRUCTURE_IN_MP_GAP,,11,
Y2O3,O:3;Y:2,included_core,,76,1,
Y3Al5O12,Al:5;O:12;Y:3,included_core,,77,4,
YVO4,O:4;V:1;Y:1,included_core,,78,12,
Yb2O3,O:3;Yb:2,excluded_no_structure_match,NO_EXACT_COMPOSITION_STRUCTURE_IN_MP_GAP,,1,
Zn,Zn:1,included_sensitivity_only,ABSORPTION_AT_589_3_NM|METALLIC_OR_CONDUCTING_EXTENSION,79,3,
ZnWO4,O:4;W:1;Zn:1,included_core,,80,3,
Zr,Zr:1,included_sensitivity_only,ABSORPTION_AT_589_3_NM|METALLIC_OR_CONDUCTING_EXTENSION,81,2,
ZrTe5,Te:5;Zr:1,included_sensitivity_only,ABSORPTION_AT_589_3_NM|METALLIC_OR_CONDUCTING_EXTENSION,82,3,
