relative_path,size_bytes,sha256
.gitattributes,231,08a95e9cb58ed9cc93e175faf4f910133088a6f149cdced2c1055be1de5f801d
.gitignore,448,bb99e39e57960a462fcdeb3e30d9a58758a7f4835f0a613962f249ac1ba05588
CITATION.cff,606,c227efbd1c6dd6298e56b51594cf0f1431bb499a070480b9ee9ea28458298def
LICENSE,1075,48eacf54fdb3a63459c8ec5c8d48c86e180a56959c35978da60561cc21f82e36
README.md,5311,352c5f37406324cbbd66c7cbc2ee689f33cc9e3758b7cced8a5e1380f639289f
analysis/descriptors/figures/descriptor_surrogate_attribution.pdf,38632,76a091c7c43ad77745eee2624f0ed0a338e89e756504175297edd5a9d8cc2a0c
analysis/descriptors/figures/descriptor_surrogate_attribution.png,1009500,3cf8eb8a9eab32ab9a33dd0a235d38fbb654cf9a1f3ad0c2a4865c7afa122bda
analysis/descriptors/figures/descriptor_surrogate_attribution.svg,314839,719df279cb31e9ce587eee6e6151a43c011476c7d9df5cbdf9237d8f8422a54c
analysis/descriptors/tables/input_feature_map_inventory.csv,4880,571c6910582d86c366f42aabbf45040c096d4fe1158c2bee1b111bc8293377c5
analysis/descriptors/tables/raw_descriptor_linear_shap.csv,695513,9021b63e6e8999f55de175f92c96977101741271bce909924bea1015e9b5e50c
analysis/descriptors/tables/raw_surrogate_fidelity.csv,11850,ea0bb81c8e1db534e60059123be55f80bcedabef15ed36872d4dcbe67553c59d
analysis/representation/figures/descriptor_group_cka.pdf,58394,00cf63fbffc3851feaf7ed7051792c73798936ba75e15ca6db6f0eaaf9d3e615
analysis/representation/figures/descriptor_group_cka.png,371143,4730f17e3ad481e4a7984e47318086b9f9fded993c845d4071cbf32781144e16
analysis/representation/figures/descriptor_group_cka.svg,149941,041a66aed1bc2327668762e3e2432eb5a3cc24f8924d31f7b6d74af8911f9de2
analysis/representation/figures/descriptor_group_cka_permutation_z.pdf,57169,f0edab3caa2837a15a18e67612a963df6dd0eae54193e4bfc69526b318bde1cd
analysis/representation/figures/descriptor_group_cka_permutation_z.png,351656,97d5a4d3f51b611ffc57d190e0545a6740dd718789ccfe3ae19b0c54ec052a32
analysis/representation/figures/descriptor_group_cka_permutation_z.svg,146285,3412c4dce4b06b620151cfd06fa4bfcd3c91b853f7f9f5db751aab2bfd0f0236
analysis/representation/figures/representation_pca.pdf,481569,313a43a3fddc5def95d3ec54b1a8e40a8b7609192876e2f0a3aae03e6b617377
analysis/representation/figures/representation_pca.png,450737,ef76cedbebce0578dcf601d8b6cb99b4250bdd15fa3d4d23bee3d624c65c3d0d
analysis/representation/figures/representation_pca.svg,3229483,72825ab59b5e26925d159203a5824be1a97696b87c1620a976a0f84066c7ecd2
analysis/representation/figures/representation_target_probes.pdf,58092,9cf14eddb38d6ecb23700fea1beb4c80d207b390371bb7950d778e8d9ff8b93e
analysis/representation/figures/representation_target_probes.png,539921,9dd84a9fcf305d623ea793afa7ad59ff1ee78d704ef35a06ab6a4ef01df765d0
analysis/representation/figures/representation_target_probes.svg,164297,38a68bdb860fa5fdbda7d0315d184c6179ffa66fee7ea86871f1c837c4520031
analysis/representation/input/METADATA.json,56954,66a9eeaf291eeebd7b469d0736f03db3d35a1dc9d118b660bd0e553f5dc58807
analysis/representation/input/SHA256SUMS.json,2146,06ee369b0badda3c94ff79bf4f684fef231ceaf600bc04057905b516734f816f
analysis/representation/input/physical_descriptors.csv,10214373,b4ad55be8939a8469a10c6e2b94333d21eb182cd3bf9b8597398a9f3b4f60975
analysis/representation/input/representations/dielectric.npz,8239244,88efdc87684eed2b227c4e8f1085e4b65a8d872282c39d29d84c3ef2b2643ea6
analysis/representation/input/representations/expt_gap.npz,3338470,4bc5bd80f5e818933e5831fba744fa5c9b54b1718d79e8e390e1177f58acfa7c
analysis/representation/input/representations/expt_is_metal.npz,3319809,9f2e8ca5f13faccab415485f28e79c3fa2c7339d696cbf6ca1e3d907071fc5d9
analysis/representation/input/representations/glass.npz,3314466,c7f455eb0f53b1dcb5fe75a778096a8c8e3bb8bb7c4213f5d2412316172d7e1b
analysis/representation/input/representations/jdft2d.npz,3488169,82587e31886532ca0f21d90a8fa644aaec484dc3b6143a5be90e155587f05b5a
analysis/representation/input/representations/log_gvrh.npz,8060244,fd06f6a8c0d0d2d3cab450642b4b4d0ca4bec61f4b77139c4382490abb0c386e
analysis/representation/input/representations/log_kvrh.npz,8017549,470ce4d3df70142813dfa280bb043d4dcb496e944cb25f41abc85302242defe0
analysis/representation/input/representations/mp_e_form.npz,8214321,1835a8c04fee98842478df3120e9b98f491bb3b32a849797797c3fec8f5bf6c1
analysis/representation/input/representations/mp_gap.npz,7950978,128f794cb39d859df82c0b0e7d8c00d006df3e13d082f14e3d17379226d53f3a
analysis/representation/input/representations/mp_is_metal.npz,7924203,1ba96fe8cd69c34d341d1f0ff49d937e71695e8ce302c04a57e7f75d748de6ed
analysis/representation/input/representations/perovskites.npz,7815439,120b00efc63368e28d508cc77cf325bdc685ed2f115b3ff5202e75329872ad92
analysis/representation/input/representations/phonons.npz,6654471,22bfba476eb1ee61effc0322b99a6c0b9a625a7cad03bc4316f075414f18b609
analysis/representation/input/representations/steels.npz,646567,19f6a329b610af90f840b6cf39c15c600191f5ab1cd48401333ea8c735714436
analysis/representation/tables/pca_coordinates.csv,310625,9bee89830c864b1d5bfc7b3d6280a7eb3860369b90f006dddf56cdb2d516e91b
analysis/representation/tables/representation_descriptor_cka.csv,42165,1448bc1e90906d5e47a9f724a1ab67703a42d46ab8b994c86bdfa583acf673da
analysis/representation/tables/representation_target_probe_folds.csv,8048,e727e0bacea0031ce0411fe614cd88c704dbb77b4e713ff2ea803718a9de6e6c
analysis/representation/tables/representation_target_probes.csv,3803,363d47fa8ce072d025a9d2d43b161a87b8905490af2f9f46d548312c060211d2
analysis/routing_and_benefit/figures/benefit_gate_shap_part1.png,990769,7c0de258a2217a62db7f8b9aec793439f4df47eb6afdeff2c2ad8120999038c2
analysis/routing_and_benefit/figures/benefit_gate_shap_part2.png,628447,7c10725a6b0b17e5db1aac790d6099f6fb89c23f03d2695c6fac7a6bd4c06fa0
analysis/routing_and_benefit/figures/electronic_transfer_evidence.pdf,27256,899652c2b3c307ddd923fed1a50acc8940edc4d1f20f063115b46f289992eb5a
analysis/routing_and_benefit/figures/electronic_transfer_evidence.png,357504,4e7896234c00f50b1122f7941a483889ea46682d7cbfc9b6aa7f4264e8583f2c
analysis/routing_and_benefit/figures/electronic_transfer_evidence.svg,204906,c6f92a8391967b2ad4fc422324df5a415e991774063bd4af5ee5ebbafc5081d2
analysis/routing_and_benefit/figures/safety_decisions_and_source_weights.pdf,40516,41677d3f508dbfd17e2ad9f8bb84f158658080b6963689c2ad9988f905bdc40c
analysis/routing_and_benefit/figures/safety_decisions_and_source_weights.png,907050,50450462a32a50e42e6539794d20fd9f8fe1da2e48a6b7e7aac34ce254394f60
analysis/routing_and_benefit/figures/safety_decisions_and_source_weights.svg,356641,a878cc4bbfb45f2b97c5daed4ee0c38b5c33f48a89305c44313a6daedc0d8de4
analysis/routing_and_benefit/tables/benefit_gate_linear_shap.csv,225356,7def5c75e30676a9074b0db261de38d428dcd3522e7caceb5151ae348f6c5067
analysis/routing_and_benefit/tables/benefit_gate_shap_task_feature.csv,37200,88bad729a3a97b53560e80e5e5bab8eee4e97f762480a3010ab0d21d3599194f
analysis/routing_and_benefit/tables/benefit_gate_shap_task_group.csv,2986,6f422517ba3fdefc8f3c316427678fe162144d825b1dd3147c80610612682d08
analysis/routing_and_benefit/tables/outer_fold_scores.csv,25869,042cb9492d6cd82dbda2a2c3bced8881cb0b5b80a3679a3332ff6da72d34e908
analysis/routing_and_benefit/tables/router_source_exposure_and_gain.csv,28015,e485b63b52e620f12d88d6dc3542c4f413e6ab16b7ff4c9d030c99ffd3eb35b0
analysis/routing_and_benefit/tables/task_correction_and_source_summary.csv,2641,dd51112016bfc8aea218517cb6fb03a85bea3187588372bc4fe10352bf8bba4b
analysis/routing_and_benefit/tables/task_mechanism_diagnosis.csv,4079,a85c8bdffa1e21683442b6b0b1f96bfda44763d8ca0b6ae612015ddab3ed2995
configs/experiments/jmp_l_stage1.yaml,2193,b433cb7dde1e20c2be1d43b51fcd551d2aee26159dcda4cbafd825e30ec17693
configs/experiments/jmp_l_stage1_mp_tasks.yaml,1448,28544bde2d7e9ed85150d0efa50d8442c103c39e9c4c21ef689220d3dd774985
configs/experiments/stage1_anchorboost_glass.yaml,711,5b1f6183a4d6360d179b68fb10b5c947ed3b183beb8dbf4091b67e14f2e4f6bc
configs/experiments/stage1_tpot_mat_steels.yaml,2215,df67117006392b698032999f2a2b547cd9543c5c3f8dfd3578247d246d28cf41
configs/experiments/stage2.yaml,4360,43cbeb9cc4a4b26263ea19e3d04a806a01447bef3f14e5a5a8e8813c7938da8c
configs/expert_runtime.yaml,3074,8830d3fbff04753a5c143b9b1bc2208190e0fdf67d46da55add85524c4ecbb54
configs/reference/data_protocol.yaml,1969,42ab6802c4ac70df5dd21c14f90aaca71894c3b80764d4b59394ab957e06b966
configs/reference/data_sources.yaml,1947,4117fdf2deb984d07c9ebe92d0a8899b3148c0bc8ca22d70bb03182a5a8dd939
configs/reference/stage1_provider_pool.yaml,4805,e336506373416ab8fdf1d1e8ee52df9ff3f33433ab16ef50f594531f917dcb14
configs/server_resources.yaml,1010,e8fc6b0cb9b7daaaef208282ac0f0d7fe2315b870b426d3c587bcf5b70c6bf77
configs/server_resources_h20_8gpu_stage2.yaml,1275,c82a3c05e5db346ef2ad0126282dc969e11ebfbe753ceee5d1a4c1b3e25090fe
configs/server_resources_jmp_l.yaml,922,9c957b1c1185e2656ce3687f5baa2754844939fcb4a6da88e858d43155c453e5
configs/sota_registry.yaml,10883,7c546d388c7ee585328bc19e919bba9421427cb1e4e2f69dd0212daaca03c146
data/B2-18/labels.csv,447,381dec479ccbcc40bf848d57b580911fe4bb8595eec1dd0b210531f4c526fbba
data/B2-18/materials.csv,480495,1a3fb511a450b29c1db9d43472571170e7f890c54842c42e5b4e51c3e9c14215
data/Core-23/labels.csv,672,7515616a5bca4c5faaee2d6c89f139d48931d8e9bf02cfdfb326ef22a98faf0c
data/Core-23/materials.csv,191251,9f834f67d8b69ce2a2fc544931776d66bb881eb182f8b6ceabfb54e9c97e0ac9
data/Core-23/screening_decisions.csv,8559,a5f0d1098497da9be43dc4e086d234e9584b3a1726be6ab6bd1f1b1da61cf5d4
data/DS2-248/labels.csv,5984,5060239601d93c0b807e7ce0238eba18b26bb2c68d3c7337c741c6e379a30768
data/DS2-248/materials.csv,6624,79c7080bcde7de462d5590af36ab16083bd49c566eb76a6c7d5aa4d585581ce0
data/HEA-95/labels.csv,2092,f33dd3bc99c55bab417920e0e3600b921a36f22f8b6faddd767345d0b784c1cf
data/HEA-95/materials.csv,3522015,ac7cd515f21bbbfe303561ffc7fd3e0109cd5b38cd98b9fca0744781487f3e6d
docs/ANALYSIS.md,5885,234a7fbfc469c4c1fed44f5b2102fc75d74bb02271c9b5dab005934054879f8e
docs/DATASETS.md,2518,b1a5889b3c498b4a138b433fa37f556c92d82c1e6380a69c56927828050ffea0
docs/EXTERNAL_DATA_PROVENANCE.md,4727,4b128ccfc0452e1acb8d55a93922c1c44fa0515418e2d3af3a254019e2ac1ba0
docs/REPRODUCIBILITY.md,4666,c1a75ce7bf7824ace119b83937cb154177230f88cda38b34b1547bb0ac552a5f
docs/TERMINOLOGY.md,4286,b8aaaf768ccc6c2fd4d5ab88c184ad258bface2a8d2fcb5577f02af63d8073a9
docs/WEIGHTS_AND_DEPENDENCIES.md,1036,4e5c42bc44fdbe017fb76ed91f973b8fb20daf229a3d68bd6e17945294ddeb5f
envs/anchorboost.yml,210,db15d3dde99068ae9ce659366c1476ab3079a8995fb577baadbaa054ed01048c
envs/jmp_l.yml,1098,cef0d1ccf4c5d7584573b084f98aa13b406eef2c95c2d1f3d2f1a43327f61a56
envs/mattervial.yml,437,4b1f66dc59ede4cac6662eeccac85d6bd4c8c4aab9035283ac7ca5e5fd5c2ecc
envs/mattervial_features.yml,581,68948cc15c06d94a21bdc4f98f9b49fdea494e43ed7cd003dfa4de77e38cfc2e
envs/mattervial_orb.yml,595,251df5edc1f6e760a214f26cf9e47e7c279bc04af8cef3f801644b9a49adc81e
envs/tpot_mat.yml,494,aac567580572bb0722590843a41848fb300b63b7eb9414cae18b3ac616dae272
integrations/jarvis/README.md,729,6b3566318e8670ca2210a436dcf3ab988b54c596b4227351ba119d5710c303f8
integrations/jarvis/configs/jarvis_proposal.yaml,3172,8953489fc05ae7b41f40bd35949da1cb419ebffd77a03b93499c8179312b3df1
integrations/jarvis/configs/jarvis_stage2.yaml,773,883107cb23fe6520d2feb6ea6edb2504488643b94d09997090cfee3d3c1b0839
integrations/jarvis/envs/stage2.yml,185,daf91b90a6558b70b4ea74a84be6cebcfbe40cb2bc6bebd5aa427411f38a9479
integrations/jarvis/pyproject.toml,297,cd8090221e8a4d8568ebf05574b752778d9f2ea018b2d9de2290567a23512878
integrations/jarvis/scripts/_bootstrap.py,238,63ff5163ff8cb4a86df977032a5c93f1f8766be7a279a40b16a5cceb9271b071
integrations/jarvis/scripts/preflight.py,2527,7928bb19eddda13fd346b8866e9233531c50b8fbdc3adccd63d4944fe3d7e281
integrations/jarvis/scripts/run_all.sh,2959,67c9711b3213da174aff80b46cdf08aa17d925192c468eb2a866a57c0d50b354
integrations/jarvis/scripts/run_pipeline.py,2887,7d1dc3c966538ebc20242122d923c62bc04f42668f2aac9abe2c2fa68c0d9d5a
integrations/jarvis/src/jarvis_hpsafe/__init__.py,65,9cced9ebf21ad56978692d814ed3d0264e55835ffdecf360990bc60153ae383b
integrations/jarvis/src/jarvis_hpsafe/cache.py,7526,4d9c97a54f79ebd60e52a434c72d18e35ece44acbdc06687a8235a27b83b7d14
integrations/jarvis/src/jarvis_hpsafe/cogn_replay.py,15438,615d516cdc7f41e95e7e3e7a575d3280c887d85636acf853ef8bc5291ec8b9d5
integrations/jarvis/src/jarvis_hpsafe/constants.py,587,c5623708eef555005d59ff1d09e217395cf603c3e5f86b5635849eccbae06001
integrations/jarvis/src/jarvis_hpsafe/core.py,96540,cb9f8a8f642d99ec813c6493601378787a012d9d46360eecc712a4ab387ba010
integrations/jarvis/src/jarvis_hpsafe/data.py,11770,8598a70046a6476c135271247637e54f5b4fafbcb7045ec2bf59266f7a3da016
integrations/jarvis/src/jarvis_hpsafe/io.py,2314,12b5fd0007a3d1e0184a1adcf4fc17a6040a1a1bd71c3b759c843da2468cb8b0
integrations/jarvis/src/jarvis_hpsafe/manifest.py,3377,971e90c389932b80d67993b29f016938c5220ebe52607cace65af3b33765b099
integrations/jarvis/src/jarvis_hpsafe/model.py,21373,27801d935b2883794bc0230085980cc195f8bf7ee09e71fac067199b7e88b0a0
integrations/jarvis/src/jarvis_hpsafe/protocol.py,26644,61a35d846827c15586036429140ea89ded949ea98ec730ca5fa3c18307d74124
integrations/jarvis/src/jarvis_hpsafe/stage1_artifact.py,3253,67825fec4f089023c768d995ea4561286672f1d47aa41b1576bba90c5d74c37b
integrations/jarvis/tests/test_protocol.py,7871,01a360049647f28ed0118296164d6a621e6df29f8edf03648ddcf3dceb805bd4
pyproject.toml,849,e50bd18ef907ff30665b87ce4b386cc7a77daab67c2afb7adb2ac949ec6a8a26
requirements.txt,171,69026f702480cbc7dbcaffa89e47a990b04e8842ed9afacfc19deef1dbb6b856
results/B2-18/base_predictions.csv,10497,440a9117445914b2d369564629573ac777972dcac9ab2d507f496bd761407cd6
results/B2-18/leave_one_out_output_bias_calibration.csv,4977,0c5a0b2d098fa0889dec114e8cac7cd5acd063dcad79460f303255da134150b1
results/Core-23/metrics/ensemble_regression_metrics.csv,234,97f65a1200a742489142253c94e9f1463294a6843a353757508708b7708cae90
results/Core-23/metrics/ensemble_regression_metrics.json,1021,6e3e6fc032a866bedb67bce7b8f9e3f98cf7b12a9ed3afe883fcb4133ee45be8
results/Core-23/outputs/ensemble_predictions.csv,6223,e030b4868124b931fd292f197417f4960b00a46d812675ef84dd3425d1f2db71
results/Core-23/recompute_metrics.py,1559,c853f1697a3c082d148730b2775764a0f90706f1753e4cd6e5119dc37651aad9
results/DS2-248/metrics/ensemble_regression_metrics.csv,226,ea11b04bbc8f001b7ce6bac5274e1d710b3b09cd779e8c7b09fa8e178f3cb7a4
results/DS2-248/metrics/ensemble_regression_metrics.json,984,fb0eab37b0b064e3371218b8d4abdf0cca977272d1a66d48663043fd26fb1388
results/DS2-248/outputs/ensemble_predictions.csv,67557,192a9ea8c099a42b7ddde45639b29b19bead20e195e8371e58c018f6f72c0cf2
results/DS2-248/recompute_metrics.py,1559,75af73fd1b73434f8c61f8f7213e56edb5773374f3ca5d99ba5c82c1bfce2163
results/HEA-95/base_predictions.csv,49753,6af63179358c55484342aac48261a4118f9ff5d115d273e38ba8078662d10666
results/HEA-95/paired_output_bias_calibration.csv,24316,088272006c07168c18003227fead7ac401b06f76cd121db370ef9ddab71c1bc3
results/HEA-95/shared_label_structure_validation.csv,1637,f4efc82993b92a2ca3d26194b0ba3e4f9ae1cadf6e35d24d9f7ec961e058e86f
results/HEA-95/split_definitions.csv,6782,8b67eddf1ec507b5c68c4155e8ad5c95fe9bfaee20b5ec16c00ad62fe0cfdc7d
results/JARVIS/README.md,1780,27a24adefa4ad046226db9b22fce2ddd4c6a81cbd6ffe22eaef98acadf6aaaf1
results/JARVIS/benchmark_comparison.csv,1888,668afb49192dc4da1c9dce7e7d1e7e085c43e15c6caad535471a908b47d0ca23
results/JARVIS/field_dictionary.csv,2103,c4d7de7ebbcf920e832e316f7d1cc2d06c669274ab2208f12ef868c38a086870
results/JARVIS/per_sample_predictions/ehull.csv,2356386,2e712639751a8b7cde4c0717c5b0971eca71ba7d2131ddd544eb0d7dcb0292b6
results/JARVIS/per_sample_predictions/formation_energy_peratom.csv,2440807,94c1b9587ae07debf5587ac513425a36b67641ac212962819f6f082e511bdfef
results/JARVIS/per_sample_predictions/mbj_bandgap.csv,766155,ac4be1370bd63c7038c8098f4932977bd2a027c5224d020bdc832bf417a635c8
results/JARVIS/per_sample_predictions/optb88vdw_bandgap.csv,2416529,6a7d67b27fc4d9f25fa7612f6fb37e8413361e67fa1eaaf3bedf3941e7163bd0
results/JARVIS/per_sample_predictions/optb88vdw_total_energy.csv,2515292,8fd6d0bd87d4fdd6d2e61e87c69d77f4740906ee9be1dd41570b69ad080e3057
results/JARVIS/protocol_certificate.json,1473,6f1a0f1c3297c66a34adc68b6ef4be11d7a9a041ef35679e5e05c4be32f52b94
results/JARVIS/recompute_metrics.py,7478,155ac75ffe778d45e9f870256fbded9bbbbdfa09190e5d816a19588a0ce81f38
results/JARVIS/task_metrics.csv,956,7f1a6a38d604a51dcf0e9e216687a4302b9623aa3bb83bccf351f72a3ebd6656
results/external_case_study_summary.csv,1117,e9b738a43ec7329fc6eda236f966d9c36a51dcb9e887051b543284f3526003f0
results/full_benchmark_comparison/full_benchmark_comparison.csv,8970,172c93f1062fe2791b7cf13a2344c16b447902bcba73b2946df775ac77640225
results/full_benchmark_comparison/full_benchmark_comparison.md,2247,61e8c7e1a1a5de39a25046c48537b7adb4dcfeca6229739403306cafe38e5fa1
results/matbench/README.md,3011,d72dfa8455e1e75b027d9f906ab0e2b45515cb32dc3d234ab6f5c7853d10c05d
results/matbench/core_analysis_summary.json,26703,7d950d8e4bb6cc2f0a792a65947061cb4dfa529b2499d4b75d2d802bffad7677
results/matbench/per_sample_predictions/outer_0/ablation_no_cross_expert__oof_locked/dielectric.npz,39413,9b8343ca549ab2ffeba9c0616435f6f67a86b067246968e392d8c7966d0c06a6
results/matbench/per_sample_predictions/outer_0/ablation_no_cross_expert__oof_locked/expt_gap.npz,34485,6614b621ba3d29cf0e92558e413141a1a5bd4634b80c517e1ad766650364a43d
results/matbench/per_sample_predictions/outer_0/ablation_no_cross_expert__oof_locked/expt_is_metal.npz,31196,29dc3f4bce75484aa45b8a8af04c1bdc916c02eab2e7461fc3793dc13d7960a4
results/matbench/per_sample_predictions/outer_0/ablation_no_cross_expert__oof_locked/glass.npz,37353,b8d3d65993745d1ee864e75f29c5f6b09900e5e1e9c9bbbc4dce14f31a694eda
results/matbench/per_sample_predictions/outer_0/ablation_no_cross_expert__oof_locked/jdft2d.npz,7963,ce2cd0be7cc2eb652f299224a4b4ef4fe370841a61a946cb2cf3009167146a68
results/matbench/per_sample_predictions/outer_0/ablation_no_cross_expert__oof_locked/log_gvrh.npz,85148,c37313fa653791bc8bec1dc37815de13a2faccd2ff785eef36254528040c9478
results/matbench/per_sample_predictions/outer_0/ablation_no_cross_expert__oof_locked/log_kvrh.npz,84449,841e2998768063a4059dc92700544d44dd2c8407fa1acf9788267b8e37ca22c6
results/matbench/per_sample_predictions/outer_0/ablation_no_cross_expert__oof_locked/mp_e_form.npz,895362,6b92fed2fc58c246d5d38a266a9b73f529352e15d888ad9d70c707ea32c56bb8
results/matbench/per_sample_predictions/outer_0/ablation_no_cross_expert__oof_locked/mp_gap.npz,751560,f1623cb008a37e9316381c82a5d632af56bfe2508c3b0c4b9978e2a43474d244
results/matbench/per_sample_predictions/outer_0/ablation_no_cross_expert__oof_locked/mp_is_metal.npz,538394,00988f31b30cb3428d2d1fafaab21d173bc5734a5246b005cd51519a4cff0cca
results/matbench/per_sample_predictions/outer_0/ablation_no_cross_expert__oof_locked/perovskites.npz,135880,7e80c39a72f0e9ed65234d5cff80321c2b18593ae88cc9ca235ec84afd5157f7
results/matbench/per_sample_predictions/outer_0/ablation_no_cross_expert__oof_locked/phonons.npz,12572,e84da97a74ef59ee40cf4541ed9a5c67f1b640e79cb3c18bb6f862fa996cfcdc
results/matbench/per_sample_predictions/outer_0/ablation_no_cross_expert__oof_locked/steels.npz,5489,0d22babeeeabc793544b08866b664c3e52f9dda5f4510d42ee57e524c4624ba3
results/matbench/per_sample_predictions/outer_0/final__oof_locked/dielectric.npz,104973,138e9340f944800f7016bf9629670b47f31125392090a6cf58d3b9fd8707d225
results/matbench/per_sample_predictions/outer_0/final__oof_locked/expt_gap.npz,52098,24802f4722d19706a92965d536ff099238e061b7cf103f1f1f57054aa4089d89
results/matbench/per_sample_predictions/outer_0/final__oof_locked/expt_is_metal.npz,50573,bed1ee133718f0ab9208f14f7399c72c447636455b3921f063790dd6fd98be47
results/matbench/per_sample_predictions/outer_0/final__oof_locked/glass.npz,56847,0997b20df072ffaddfe8f6206b786708f3fa43d793843f1729812ef7f0555d69
results/matbench/per_sample_predictions/outer_0/final__oof_locked/jdft2d.npz,16333,ae2e4b131a34b20af120c955809c3cb5abc60fe9f57c27943421edbf2b1d1d43
results/matbench/per_sample_predictions/outer_0/final__oof_locked/log_gvrh.npz,242790,025940614dcd73af828b18c88bd5173615f8e6c4eb0a26ef98458bcefb77ae20
results/matbench/per_sample_predictions/outer_0/final__oof_locked/log_kvrh.npz,241881,5bb530fd139d2c0b7a29541e31a9cae298eadd40eea253452119519f3c95a932
results/matbench/per_sample_predictions/outer_0/final__oof_locked/mp_e_form.npz,2759624,67ba05e2d0a11d47f2e2a2227bc212c173560e3f9b6511e8b6d39d5aa5c8e4cb
results/matbench/per_sample_predictions/outer_0/final__oof_locked/mp_gap.npz,2275183,e982b5010d2ec7b5af9fa56b9eb74354c2db84efbe10dd1b6b7e4833d08666ac
results/matbench/per_sample_predictions/outer_0/final__oof_locked/mp_is_metal.npz,2119436,a5402f7ec91a1b17d25793c3fcab6c40ba63e496a0070298352fbbff836f0aae
results/matbench/per_sample_predictions/outer_0/final__oof_locked/perovskites.npz,373401,70bff7d5c60ce716cde39aa3e411e85e8cd576f4b6100421e9afc6252d3732a8
results/matbench/per_sample_predictions/outer_0/final__oof_locked/phonons.npz,29374,1218923a87ddb15638de7d4d8df7fcdb8b72ab9af195317666806af696703526
results/matbench/per_sample_predictions/outer_0/final__oof_locked/steels.npz,5479,e6715986a4e1a9219d286f167db660a2c70d450e869c77455c984ce57b47d026
results/matbench/per_sample_predictions/outer_0/stage1_specialist_only/dielectric.npz,98424,786abd0043aae9fe6f7c593bda781d6b940903f059fe40858554057bc6fbe2d1
results/matbench/per_sample_predictions/outer_0/stage1_specialist_only/expt_gap.npz,44512,d7ab4c50c7814e0088e8eadf227031b3eed87c90532d2ca4e42481dde4497afd
results/matbench/per_sample_predictions/outer_0/stage1_specialist_only/expt_is_metal.npz,47213,8c26a12c0699bacc5bfee639ac45c28cd2fc5de41395013126b66e1f8f291335
results/matbench/per_sample_predictions/outer_0/stage1_specialist_only/glass.npz,56844,167191d7b0ed3eb87fb1d404563633219fc678cddd865b659dc771d215d6372e
results/matbench/per_sample_predictions/outer_0/stage1_specialist_only/jdft2d.npz,15842,91833ac768a83eb1efa83b987d5c1aff3f5b4b6027c22dd83a83f326783c72e6
results/matbench/per_sample_predictions/outer_0/stage1_specialist_only/log_gvrh.npz,227598,cf1bf74adb76891b8a0974e833b8dfeaa6bc345da59c68357249001d2b8faa8e
results/matbench/per_sample_predictions/outer_0/stage1_specialist_only/log_kvrh.npz,226552,6e2db8bc5b53a3e745e0a2eb5f58206db8b2aedc68b5940e64e70c5b642e7290
results/matbench/per_sample_predictions/outer_0/stage1_specialist_only/mp_e_form.npz,2568151,0d99ad179e05f3f6d1d5dcae3a975ce5cb092c58ac25c4c1caf77f51c69cc033
results/matbench/per_sample_predictions/outer_0/stage1_specialist_only/mp_gap.npz,2118111,0d29432fdf7cc864a2c099fa36ad2be9ed9d2f3c8826cc4fb9a8441ee25dd2b4
results/matbench/per_sample_predictions/outer_0/stage1_specialist_only/mp_is_metal.npz,2037042,af3ed9e94fe7a8ebe2ce275497e03fad251906022bf4ff9ec765e1178800099b
results/matbench/per_sample_predictions/outer_0/stage1_specialist_only/perovskites.npz,349520,566606ec40400175f33e5b5b92ec1f74389bd26009c7fd8413ce10fa6dfa00d3
results/matbench/per_sample_predictions/outer_0/stage1_specialist_only/phonons.npz,27667,952d7183f74d7e137de66960fa0a333ccbdaa93e0224706b41ba6d998e82e930
results/matbench/per_sample_predictions/outer_0/stage1_specialist_only/steels.npz,5220,49587dee176af048eee40de73c49f70f81b72ab16b126813370fc50af837534b
results/matbench/per_sample_predictions/outer_1/ablation_no_cross_expert__oof_locked/dielectric.npz,39579,3a8bb4e789975adbf4ecbc20a5bffe19fccae83d59cf03d68ea9314d797307ef
results/matbench/per_sample_predictions/outer_1/ablation_no_cross_expert__oof_locked/expt_gap.npz,38405,60c44ac8e30d3ad7675a0169aa8a47ceb19505b156cc8f91047299cdcde73865
results/matbench/per_sample_predictions/outer_1/ablation_no_cross_expert__oof_locked/expt_is_metal.npz,28234,906557cb06dc7b96e0a6e597be5a2b8fffa379e9ecd809cf6d997298e0a0f0e0
results/matbench/per_sample_predictions/outer_1/ablation_no_cross_expert__oof_locked/glass.npz,37440,2451f836f61ea671cb5dc859cfefd9b208e440ea9b29bcaf703399a98dcd0dd5
results/matbench/per_sample_predictions/outer_1/ablation_no_cross_expert__oof_locked/jdft2d.npz,7989,4b6e8707a545a0dd9e62f3cfa329e40c0816486131455c66c39dc90e8b489b7f
results/matbench/per_sample_predictions/outer_1/ablation_no_cross_expert__oof_locked/log_gvrh.npz,85897,fa2461e1e03682edbcb67384fa201263997477537d468b228ea2695aba743c89
results/matbench/per_sample_predictions/outer_1/ablation_no_cross_expert__oof_locked/log_kvrh.npz,85140,78d8a7ceddaa355141fe7d533ccacf9007cb639eae898b98cb4a5fe2a321e01f
results/matbench/per_sample_predictions/outer_1/ablation_no_cross_expert__oof_locked/mp_e_form.npz,909235,0ac428a3c045ca53135336bb8da354cfe1f4de904ce3d307e54f2de1a8c197ba
results/matbench/per_sample_predictions/outer_1/ablation_no_cross_expert__oof_locked/mp_gap.npz,750659,da5e955da9328345306e0f5577828b2da9d1919a8770be3e8cd42e62f7e7784a
results/matbench/per_sample_predictions/outer_1/ablation_no_cross_expert__oof_locked/mp_is_metal.npz,595790,eb73062cacf2bd434af9cd9401442669a946fc9df435df56094551f3a876e6ef
results/matbench/per_sample_predictions/outer_1/ablation_no_cross_expert__oof_locked/perovskites.npz,140733,2d6cb3fd0422761de88057ab5df3a10e5e0ce890140386d877cee73c1ceef365
results/matbench/per_sample_predictions/outer_1/ablation_no_cross_expert__oof_locked/phonons.npz,12587,cd720084132e5228b4fa33831351b979882278049d75b07f40fd48bfc8892f0f
results/matbench/per_sample_predictions/outer_1/ablation_no_cross_expert__oof_locked/steels.npz,5442,e126d7fc31a06d3e8c4b7b283da4f4417ec9ad1da5515d681ff9f302491fb611
results/matbench/per_sample_predictions/outer_1/final__oof_locked/dielectric.npz,94074,7411c18ec7127ccd268b3375a837cc43e03731012b70375e23cec11d549c38eb
results/matbench/per_sample_predictions/outer_1/final__oof_locked/expt_gap.npz,52631,21b5294e2090cb12799ded2d1e6a6df4b8f8595059251323f4b6b2d0374b602e
results/matbench/per_sample_predictions/outer_1/final__oof_locked/expt_is_metal.npz,49583,0887eab5ae962c14861c581691823440f08a2825c54b5f20caf9cecf9a725c8a
results/matbench/per_sample_predictions/outer_1/final__oof_locked/glass.npz,56719,6c54225ef7ac01c5afa10638a4efb9a24b89a06ae3b2522c8a4da9d147579cff
results/matbench/per_sample_predictions/outer_1/final__oof_locked/jdft2d.npz,16165,5bce02cfbb4b30ae188a4c001404297f8c463b42ad1d61b0a28731abb34dec4d
results/matbench/per_sample_predictions/outer_1/final__oof_locked/log_gvrh.npz,219827,6a00a67c281ae7b47973b14aa51c46c31b63f4fe22e631e67a048094e834aa75
results/matbench/per_sample_predictions/outer_1/final__oof_locked/log_kvrh.npz,210120,37c5d9ada391f72ab0d48c47430ff464781b81eaf9a0878316d0685aad2fc4ef
results/matbench/per_sample_predictions/outer_1/final__oof_locked/mp_e_form.npz,2524338,fb54bda4fb9b750f9783896f69e4b64233997f2114675766860c1d7a7861b0b3
results/matbench/per_sample_predictions/outer_1/final__oof_locked/mp_gap.npz,1960027,2f51f19fad3d4db15e61eb80fcb5db5875302829bc464d3713632454078ee272
results/matbench/per_sample_predictions/outer_1/final__oof_locked/mp_is_metal.npz,1892413,7c2c3dfcd27d52a0723ab6378ec4aab2a6b8b993df6c78276198033b80cb2a09
results/matbench/per_sample_predictions/outer_1/final__oof_locked/perovskites.npz,330595,e581edc09dc57df39e3298c17b62a78f18d0ae2d09e84ce8ab8d77016931710d
results/matbench/per_sample_predictions/outer_1/final__oof_locked/phonons.npz,25583,87c2737d3a054e150e0b131e5956c50d958c091302e406b33b4629009685a082
results/matbench/per_sample_predictions/outer_1/final__oof_locked/steels.npz,5502,f63032cf31b0893527cb346c7865b0c581f6ae7d5ce024ee4da2733fb6007132
results/matbench/per_sample_predictions/outer_1/stage1_specialist_only/dielectric.npz,89867,0ae59c4c1392301c16bded77957315afbb9cccecc0e8c000882617b5c6e1451a
results/matbench/per_sample_predictions/outer_1/stage1_specialist_only/expt_gap.npz,47723,925375dd32d2eb9e83db99c99e2d6295414d8ef917121da9e9a2bc9461a29def
results/matbench/per_sample_predictions/outer_1/stage1_specialist_only/expt_is_metal.npz,46046,fbba336db446db1647b78b73ff39e835e46b62c997ac470b2dc375b99845e53b
results/matbench/per_sample_predictions/outer_1/stage1_specialist_only/glass.npz,56716,af933ce3cfdf945645785fbadcffadeac5509b66ccf7d49ab5ce06476a6911d2
results/matbench/per_sample_predictions/outer_1/stage1_specialist_only/jdft2d.npz,15280,9af51d07a3ff01761c60343580d6df65cad484274a9d1fc1a3691af1d3c2f80e
results/matbench/per_sample_predictions/outer_1/stage1_specialist_only/log_gvrh.npz,204753,1bbcfde08fd30ad9acbfeb45581a411a35489af3f6d8f5b00e3f807df7bbfdff
results/matbench/per_sample_predictions/outer_1/stage1_specialist_only/log_kvrh.npz,194767,7551beca6b80da23f4d6be4639828261077898262ae42e51222360f54f038f06
results/matbench/per_sample_predictions/outer_1/stage1_specialist_only/mp_e_form.npz,2332295,ab0a3e2ac02b5d6d65f75a2b116a8c8d80d24f3524dd595266e98c728193d647
results/matbench/per_sample_predictions/outer_1/stage1_specialist_only/mp_gap.npz,1802825,4db111e61fef0792cf86c4fac1702b741e628100896b29e0539ae0f133dd291e
results/matbench/per_sample_predictions/outer_1/stage1_specialist_only/mp_is_metal.npz,1822931,914d1e0e822755226afa205cde858b235fd386dddcd83242623353bb349da809
results/matbench/per_sample_predictions/outer_1/stage1_specialist_only/perovskites.npz,304367,b1f4d83985bc9ff17140f32a94829d563b6acd8f69942d5421a9c32d52b42d3f
results/matbench/per_sample_predictions/outer_1/stage1_specialist_only/phonons.npz,23866,38102de6982d33d6977b58ee6ef5c710199cd378f3fd138be17e0beae00e40e7
results/matbench/per_sample_predictions/outer_1/stage1_specialist_only/steels.npz,5244,d9da2cefbd4e987d23fb15636f0f88f0a32bc69a7e2c3b542635a9ab1268fa76
results/matbench/per_sample_predictions/outer_2/ablation_no_cross_expert__oof_locked/dielectric.npz,38311,802de955c332b9235b3d46f769b45bae619f0a2261cbbdde1c4d90ac8351078d
results/matbench/per_sample_predictions/outer_2/ablation_no_cross_expert__oof_locked/expt_gap.npz,33986,348b17bb44325c6e9bb1d019c0a0d205165ca87dacd5965155899681c0f26ed3
results/matbench/per_sample_predictions/outer_2/ablation_no_cross_expert__oof_locked/expt_is_metal.npz,30095,5dfc8410c42e6ff6df91bd018d93a5f86ecc559b4a4db0e068d8ed9c9c31d135
results/matbench/per_sample_predictions/outer_2/ablation_no_cross_expert__oof_locked/glass.npz,36505,2f6d20e184bcc7bbc8e74040e8cf2383b7f9b318b63457b37fdee04860e86401
results/matbench/per_sample_predictions/outer_2/ablation_no_cross_expert__oof_locked/jdft2d.npz,7870,8989efedf99fa6114092c37401c86b45ea3693d9d9fada59414114d460ed2c1e
results/matbench/per_sample_predictions/outer_2/ablation_no_cross_expert__oof_locked/log_gvrh.npz,83621,c81422c603578dce20d0c33500f1ee29352361fed994a7a1d0c718cb173f88f6
results/matbench/per_sample_predictions/outer_2/ablation_no_cross_expert__oof_locked/log_kvrh.npz,76707,502bf41804cda749c62dbd53c35fe8da7776ae20d019d839d655034c8bd9a7d6
results/matbench/per_sample_predictions/outer_2/ablation_no_cross_expert__oof_locked/mp_e_form.npz,909329,270ded37fc3cdb68102e75b37d1ac3bc69c51632f17848e5306fac6af659fbd0
results/matbench/per_sample_predictions/outer_2/ablation_no_cross_expert__oof_locked/mp_gap.npz,754166,387d246d6b75887b72968cf08e966eb696125775f866a6907714c989c60aedbe
results/matbench/per_sample_predictions/outer_2/ablation_no_cross_expert__oof_locked/mp_is_metal.npz,636055,e94f638e4170a988f9696b4848fdc85294f4b4be3f3bcc9985b5c3269eeafd3e
results/matbench/per_sample_predictions/outer_2/ablation_no_cross_expert__oof_locked/perovskites.npz,138312,59cf77f23f48780fd769d65cbc69708da8bbe8f8ce5e03acb94066e702b43de1
results/matbench/per_sample_predictions/outer_2/ablation_no_cross_expert__oof_locked/phonons.npz,12464,895ff314b01f0330c19eee69039e451216ff2093ea1650a88a89c46a864b86b9
results/matbench/per_sample_predictions/outer_2/ablation_no_cross_expert__oof_locked/steels.npz,5414,143ffa4c0eb11cda64115136d68e24cb0c783f7d076456dc26f1765e5e8830a1
results/matbench/per_sample_predictions/outer_2/final__oof_locked/dielectric.npz,98192,28b66bb32426dd1fb81a24843d70cdc4731e721825b06d9a8fcdf3bdcf00ce96
results/matbench/per_sample_predictions/outer_2/final__oof_locked/expt_gap.npz,50158,553dee0fca5ced31d6d89711ba9276edbdb2eb268eeb84324965649faa4dbca5
results/matbench/per_sample_predictions/outer_2/final__oof_locked/expt_is_metal.npz,50316,7125009714ca80c64ecc789385f669357615fed06ccfaa85436728f0818d0598
results/matbench/per_sample_predictions/outer_2/final__oof_locked/glass.npz,56216,9712d7b92cd0f7ae4b9851b42a5674dd99295201d6ca1998d0ed3d42a7f75755
results/matbench/per_sample_predictions/outer_2/final__oof_locked/jdft2d.npz,16361,129f9edd085606d793d0b531db19a03c0fa395185379852101daab1a08a87007
results/matbench/per_sample_predictions/outer_2/final__oof_locked/log_gvrh.npz,212660,bff3e03595f617bf4b8f9f8dd7714c1255c8bd79068adb4f51a61c3a8c11a019
results/matbench/per_sample_predictions/outer_2/final__oof_locked/log_kvrh.npz,212654,da948ab1a004f52e6016a1e00937f7acab22602349550b6856c42b0de646f319
results/matbench/per_sample_predictions/outer_2/final__oof_locked/mp_e_form.npz,2585291,afede4637db67a7e6187aef9fcd707e46c4078c54a4b0c98f0fc9a33e9bc9029
results/matbench/per_sample_predictions/outer_2/final__oof_locked/mp_gap.npz,1826218,9f783fd3b9dc1cc87ccb28e70de61d82d3d2b1d9528235d48ef0a90c555f2970
results/matbench/per_sample_predictions/outer_2/final__oof_locked/mp_is_metal.npz,1877188,699e47a561b406c366cc1187ce22d765a1dc5d93905060760b3ac9f7a0faa863
results/matbench/per_sample_predictions/outer_2/final__oof_locked/perovskites.npz,330054,9b148a0072fb7bced48459e480d031c43e9a79ae13d7c6877f8316891181ecc7
results/matbench/per_sample_predictions/outer_2/final__oof_locked/phonons.npz,25707,2f934324fccac12309434c5869930c5a72a386384aab1dd2ee79faebd9e29991
results/matbench/per_sample_predictions/outer_2/final__oof_locked/steels.npz,5404,0b89d1ca2b2dae12741591ab6c68a560715c3ef2f7f1c8a918cf773bf367677e
results/matbench/per_sample_predictions/outer_2/stage1_specialist_only/dielectric.npz,92602,2d3be8484435348171437f0d67d394da970db80c84062d51a1f256eab07bd77e
results/matbench/per_sample_predictions/outer_2/stage1_specialist_only/expt_gap.npz,44735,405869c1f3c2feaf2a0f29dae4c91f985f104ba7f033d1af81313afb992e743b
results/matbench/per_sample_predictions/outer_2/stage1_specialist_only/expt_is_metal.npz,46807,7bf07fa942fc6a36976f2d935ccaad1acae2f8b5956217245eea10aa1d36a242
results/matbench/per_sample_predictions/outer_2/stage1_specialist_only/glass.npz,56213,25a7497fffd800006ffc2b155877de0271dad97aa8ad0262e7b995dff8901768
results/matbench/per_sample_predictions/outer_2/stage1_specialist_only/jdft2d.npz,15458,37e2509a9d114061983becf1248b19bbf222a0c0dc069f25223c7f824b0aab1f
results/matbench/per_sample_predictions/outer_2/stage1_specialist_only/log_gvrh.npz,197391,c48f8318562e403c7c61fe5d289e43109077710df4c96d0208ffb251f4712ffa
results/matbench/per_sample_predictions/outer_2/stage1_specialist_only/log_kvrh.npz,197606,154c6caa98f58661e4ab84c62470df2e929344b267417bbca5983c5f4ffdeabc
results/matbench/per_sample_predictions/outer_2/stage1_specialist_only/mp_e_form.npz,2394583,ea2ad3d37158e2586efce98c048d56a4eebc8284039aee834c5f4b938faf654b
results/matbench/per_sample_predictions/outer_2/stage1_specialist_only/mp_gap.npz,1685378,ba5bda125e6c4dab1871fcbc83f57b3fccf6de4c67d32e5601631f86280fa4b7
results/matbench/per_sample_predictions/outer_2/stage1_specialist_only/mp_is_metal.npz,1807786,5d8acc007e5f1188be98263703533b3589a0eb2f3ad60d5984dd8189ab45a5ec
results/matbench/per_sample_predictions/outer_2/stage1_specialist_only/perovskites.npz,303854,8c24232186cc8aeabca396019b0d3d980989859eac422d4e1ddfa316ba3261b8
results/matbench/per_sample_predictions/outer_2/stage1_specialist_only/phonons.npz,24012,0348052ddaaac30442e044bda584d19e0cf4119dcd0930d6a15a316dc8595f72
results/matbench/per_sample_predictions/outer_2/stage1_specialist_only/steels.npz,5150,c2aadbe8f57743e11c9faf9d68b17c7f656fa8edfcfac8cfd68f0c76f20a3464
results/matbench/per_sample_predictions/outer_3/ablation_no_cross_expert__oof_locked/dielectric.npz,39693,8e24b425b6c17443387d26618654387862d776acf92cb6dc747f77c7a1ba4eea
results/matbench/per_sample_predictions/outer_3/ablation_no_cross_expert__oof_locked/expt_gap.npz,38661,be798513bcdb1826f7edc7f93597f40f34155de0e83cb3f3b5e32095f26d02cd
results/matbench/per_sample_predictions/outer_3/ablation_no_cross_expert__oof_locked/expt_is_metal.npz,30708,e49ef1f5a396c8d65272a220ae1ead7392a5cf3bf14a1ad1ddc8f5b52c01fe63
results/matbench/per_sample_predictions/outer_3/ablation_no_cross_expert__oof_locked/glass.npz,36306,c1a08de58b3d6c378d63c7ada059c8db4b6d4f294b54dd6f38711f4dc0f2ca85
results/matbench/per_sample_predictions/outer_3/ablation_no_cross_expert__oof_locked/jdft2d.npz,8049,c7ffa7729fbde1c2008a4be0fc19aa12802e371b57e83747410fa366c3efed4f
results/matbench/per_sample_predictions/outer_3/ablation_no_cross_expert__oof_locked/log_gvrh.npz,82820,9f43526d57d81a755d373e82e7c30a75e593cec01a31dd8323169d50ca278f8d
results/matbench/per_sample_predictions/outer_3/ablation_no_cross_expert__oof_locked/log_kvrh.npz,84792,fc219cb3df7cba17e68c31da452e9b01d82c1e4156d117b46dedacdb7ef9b2cf
results/matbench/per_sample_predictions/outer_3/ablation_no_cross_expert__oof_locked/mp_e_form.npz,900837,f539546a4d0a7c970913d90460f03b50089a4589eb985fa86d03e848f03bf10e
results/matbench/per_sample_predictions/outer_3/ablation_no_cross_expert__oof_locked/mp_gap.npz,736318,3494c235685ac3bc4076e1609ad5a71036394a48fcaf16f9ad2e4afe0efc8e2c
results/matbench/per_sample_predictions/outer_3/ablation_no_cross_expert__oof_locked/mp_is_metal.npz,675074,c603a0b7859432ed48c4ee95774b89a328c9e603252c451c7af16088e0be81e7
results/matbench/per_sample_predictions/outer_3/ablation_no_cross_expert__oof_locked/perovskites.npz,136666,0773a3d8283bc2d17f48d0c07e906e0f04dca39d2f3425072f85739212bccc63
results/matbench/per_sample_predictions/outer_3/ablation_no_cross_expert__oof_locked/phonons.npz,12582,21d289e35b73f88164af1527818747e621f6eff87d9d1fb9152be3f839700cea
results/matbench/per_sample_predictions/outer_3/ablation_no_cross_expert__oof_locked/steels.npz,5427,b8c003bcd62ae4580a8bc139bb6f45d791d322846e9869f11f9d018faf49cf2e
results/matbench/per_sample_predictions/outer_3/final__oof_locked/dielectric.npz,94168,9d336d9ea892c15ef2f4e31544513d638255b57c18302bd07d22c9bfeb78a9de
results/matbench/per_sample_predictions/outer_3/final__oof_locked/expt_gap.npz,52884,3ab767f674fad4446729864c9cdea10831e82f0399fc67213a017255dc37b7d0
results/matbench/per_sample_predictions/outer_3/final__oof_locked/expt_is_metal.npz,49366,faa8b6ca3f410e7e643f80602d3d2ed943ea02fff168104c9eb03b7cc4105a39
results/matbench/per_sample_predictions/outer_3/final__oof_locked/glass.npz,55378,3719ff812cf06fa68798651feb401c9f080b8f6ee2edf8148e17c52a880eab98
results/matbench/per_sample_predictions/outer_3/final__oof_locked/jdft2d.npz,16371,ff72abc7abf26c6c05ec516392bb287a8c70b982d0f97aa03c7236360c193de4
results/matbench/per_sample_predictions/outer_3/final__oof_locked/log_gvrh.npz,218193,84fdfcaa49f424c8c1bf89736958a5529a1d12cc4c6244e82ca5b974ec330a25
results/matbench/per_sample_predictions/outer_3/final__oof_locked/log_kvrh.npz,208980,e66df3880d759f75efb545adeb87404171f5319508164369667f5c0493d9b7b3
results/matbench/per_sample_predictions/outer_3/final__oof_locked/mp_e_form.npz,2494623,85f9e698760db4e51783010639617d986f40cb86148fe5e4f7f0568915c3b0ff
results/matbench/per_sample_predictions/outer_3/final__oof_locked/mp_gap.npz,1851262,31bbd82ed62a1e3ff847a961151962e5a767a62cb7f8a643b6e2e5769b50f126
results/matbench/per_sample_predictions/outer_3/final__oof_locked/mp_is_metal.npz,1874194,c941cf75c57385bee06532ad0eee04b0f0b187436a73f9fb5324f59c4d09b759
results/matbench/per_sample_predictions/outer_3/final__oof_locked/perovskites.npz,327463,add6c6448a2f1c2023381fc6e76d7b3576d586ff1b7e34f9e38900e2d046c7e6
results/matbench/per_sample_predictions/outer_3/final__oof_locked/phonons.npz,25901,69c5c39f9ca1666ca7eab2c58f30c8fd2dc56657795b963b1e090510a23f6783
results/matbench/per_sample_predictions/outer_3/final__oof_locked/steels.npz,5449,2bac12c4ccfe626fed8aeac17c734fe918ec7e419d4c1b3b6a3fda497a1b71d3
results/matbench/per_sample_predictions/outer_3/stage1_specialist_only/dielectric.npz,90108,c3f8997508af38c9885e6c438b53127e13523a63f3c89327e18fb490e3bf4a7b
results/matbench/per_sample_predictions/outer_3/stage1_specialist_only/expt_gap.npz,47540,80d6921f44c4a6eebe85f61d0098756a49f65036a791543cb2bea3d32cb2ed5e
results/matbench/per_sample_predictions/outer_3/stage1_specialist_only/expt_is_metal.npz,46208,7ad3a2f609f36e5b27fdc66086565b511ef7a5c06db026f2b614fc1ef96cb971
results/matbench/per_sample_predictions/outer_3/stage1_specialist_only/glass.npz,55375,4bca5495bb2a26d52b3d42ede8fa9f8bed361da89c5151cb9341b917188292e7
results/matbench/per_sample_predictions/outer_3/stage1_specialist_only/jdft2d.npz,15480,785c12381995cfb4ad6c048776e0f3b4623ad605bdba04db7f41e99a05404cd3
results/matbench/per_sample_predictions/outer_3/stage1_specialist_only/log_gvrh.npz,203067,0ab311a629cc8fe7c024c7378dab2662b27583da4848cf51aac4593887f977bd
results/matbench/per_sample_predictions/outer_3/stage1_specialist_only/log_kvrh.npz,193682,b015ba82309a18ae89b2962b33d30738440f9e36b13bb7046e55890f37b0ab90
results/matbench/per_sample_predictions/outer_3/stage1_specialist_only/mp_e_form.npz,2303329,f4f8aa450825ef99ff5e5f273e5ca5da4f613f2819826d8b75e4a7460240269f
results/matbench/per_sample_predictions/outer_3/stage1_specialist_only/mp_gap.npz,1711407,376bb43bf3269526db7ddb149f380daadd26fb513030b0c077783c514e1a1bbc
results/matbench/per_sample_predictions/outer_3/stage1_specialist_only/mp_is_metal.npz,1803878,fc96f01676849adc6100c83b8d6bc9dc85fc4b5515699ab950feec761797ef91
results/matbench/per_sample_predictions/outer_3/stage1_specialist_only/perovskites.npz,301178,57f6b3e09eda0f91c89a78f0517b8d4b4416d175bdff4535f2b54cf0350613f8
results/matbench/per_sample_predictions/outer_3/stage1_specialist_only/phonons.npz,24205,56d041945534fd5dfaff23eb487e02b72b8883627cf80796d23ca9fbc1d68a2d
results/matbench/per_sample_predictions/outer_3/stage1_specialist_only/steels.npz,5198,233abec292953c28b4dab968819571f80d695380845d24314d02f753ac116cba
results/matbench/per_sample_predictions/outer_4/ablation_no_cross_expert__oof_locked/dielectric.npz,39463,906afdddc9ec765ed1ffb7bdc2668bfd307cd61827bb6ced001310990419f884
results/matbench/per_sample_predictions/outer_4/ablation_no_cross_expert__oof_locked/expt_gap.npz,36050,ef4aaa1eb0f7ce88c01ff29db6dc8dfad97f59f74963f6e07dc3e7412d07ada4
results/matbench/per_sample_predictions/outer_4/ablation_no_cross_expert__oof_locked/expt_is_metal.npz,29168,922f233677f0ced67909dd1fae18b85ff03bc5448f7c9690f83b1c32082994df
results/matbench/per_sample_predictions/outer_4/ablation_no_cross_expert__oof_locked/glass.npz,36260,320285de6aec2a21c059a5cae7ddddc1ddca989c5c97eb13a43e82974a70bb71
results/matbench/per_sample_predictions/outer_4/ablation_no_cross_expert__oof_locked/jdft2d.npz,8015,5d036926adc7606c134b2fca748557150cd2a9ca5c642b47b2f007bc0190e696
results/matbench/per_sample_predictions/outer_4/ablation_no_cross_expert__oof_locked/log_gvrh.npz,77561,10302574d63b75a305df0250585f4b0cd35cf3051c6bc223b664d774b1bf2a6f
results/matbench/per_sample_predictions/outer_4/ablation_no_cross_expert__oof_locked/log_kvrh.npz,81352,69dd29684e212db7164f713732b618adaf7f448ad6838a1806e149471d068f34
results/matbench/per_sample_predictions/outer_4/ablation_no_cross_expert__oof_locked/mp_e_form.npz,900240,49b384740c49e3129dbff3f27dcfb7a1669f0ecab18a7bdf34524f7a854644b2
results/matbench/per_sample_predictions/outer_4/ablation_no_cross_expert__oof_locked/mp_gap.npz,762369,349dbfb9818caf01c924fd8d722a2a1f7e48ff41998b9cad1e52292658c717cf
results/matbench/per_sample_predictions/outer_4/ablation_no_cross_expert__oof_locked/mp_is_metal.npz,584485,55d9c6f1467528bf8bc2cb73e4290f06cfcbdc6baf7a5b0b3cc8b626a0cfacfd
results/matbench/per_sample_predictions/outer_4/ablation_no_cross_expert__oof_locked/perovskites.npz,139525,1ba061b534d4ed31c9fce62e701323dc289f6799d62373dbaebcb84b2853dcc0
results/matbench/per_sample_predictions/outer_4/ablation_no_cross_expert__oof_locked/phonons.npz,12555,0019ae2b147662177b03fd2a9d391003535921c35941915f47f5c10104270272
results/matbench/per_sample_predictions/outer_4/ablation_no_cross_expert__oof_locked/steels.npz,5453,1a55b82a60ca926222a6f99de64f3df51ef44628ad783f8613589575b3d5ac13
results/matbench/per_sample_predictions/outer_4/final__oof_locked/dielectric.npz,96872,2ae1601ab7847fe6d1d58f4158617fa72843b7b87a47e0a2ffd0f343f7822c6f
results/matbench/per_sample_predictions/outer_4/final__oof_locked/expt_gap.npz,50112,a4b80e43d916decc4a7d6a64411cae63954b7fc93aa026c5c264c8d7391f0c72
results/matbench/per_sample_predictions/outer_4/final__oof_locked/expt_is_metal.npz,49015,be04c8da63ba8d07992102fe07011202a54fc4acc8ab18f264992c3a24ebbf12
results/matbench/per_sample_predictions/outer_4/final__oof_locked/glass.npz,56444,5412d2735e2900e9d0f23ebac23aaba9703e5dda4fa53e89551c15ccceff9f99
results/matbench/per_sample_predictions/outer_4/final__oof_locked/jdft2d.npz,16162,d40be1577e311f779d0eae465b318718011161c53250c7e4f72eea9cf3141469
results/matbench/per_sample_predictions/outer_4/final__oof_locked/log_gvrh.npz,215663,aa9b2e5171a2f5825300b412fbbd978496cf1ac93381bcf15f054d714d06f8ec
results/matbench/per_sample_predictions/outer_4/final__oof_locked/log_kvrh.npz,210926,cafc9a23b75a9bf586bed1c34682286138332727ff226dd87940d9b1e5732fb1
results/matbench/per_sample_predictions/outer_4/final__oof_locked/mp_e_form.npz,2535892,497c59ae0c44cf25fa48a5fdf52e67474ab2235ddbb923d0891316b541164b47
results/matbench/per_sample_predictions/outer_4/final__oof_locked/mp_gap.npz,1845327,69312c38a4be9e6acd745c3517be39e2b1a41bf4aaddfe051fe501d6a10ee69e
results/matbench/per_sample_predictions/outer_4/final__oof_locked/mp_is_metal.npz,1853718,1eef2dc87117e4e16216ed40450976e8a135da46a8c6db7655bc40ce605883e2
results/matbench/per_sample_predictions/outer_4/final__oof_locked/perovskites.npz,325839,83bbedcc9fd881757f1f39866ab778eb51d17a32ede66d51f115dc993e7b7f60
results/matbench/per_sample_predictions/outer_4/final__oof_locked/phonons.npz,25817,a0e2bc392a005e281b8a4271d5871d43292803fb6127f3105b65e16867c1b7b8
results/matbench/per_sample_predictions/outer_4/final__oof_locked/steels.npz,5422,49b32539302c635e0651e584d11075cbcbd869f636884dd9b5a82e8ea393691f
results/matbench/per_sample_predictions/outer_4/stage1_specialist_only/dielectric.npz,93144,958829d3c841b85adc57109076b3f5a082f0963dd0bc5fe3603b3cebacbf51c9
results/matbench/per_sample_predictions/outer_4/stage1_specialist_only/expt_gap.npz,43726,6ec803a613b0a949f6f4f7afd024f0589d55d940117a601448ddf5aa898bd62d
results/matbench/per_sample_predictions/outer_4/stage1_specialist_only/expt_is_metal.npz,45439,fa46a6bdfc04cba5fce119f353eaaa22f8383e0ec9de4b86b3f33741effa4aa2
results/matbench/per_sample_predictions/outer_4/stage1_specialist_only/glass.npz,56444,5412d2735e2900e9d0f23ebac23aaba9703e5dda4fa53e89551c15ccceff9f99
results/matbench/per_sample_predictions/outer_4/stage1_specialist_only/jdft2d.npz,15262,7a8a42bbec472cb4842e6a4b7527536f7b196249beff928ac01ac14b22158bab
results/matbench/per_sample_predictions/outer_4/stage1_specialist_only/log_gvrh.npz,208311,ab5bb9b89d8d040d2adda9b138bc7d659aac6c7a5460caf06c38121cdd5697fd
results/matbench/per_sample_predictions/outer_4/stage1_specialist_only/log_kvrh.npz,195636,a404c7d62c88c1cb6fa4f1161200f205012e2ede17ca2ec826caf6c816246523
results/matbench/per_sample_predictions/outer_4/stage1_specialist_only/mp_e_form.npz,2345077,587b2d6d07838a2dfe4e2f5af5f5c42658ae5d5960306a90c0bfc81f7e48ceac
results/matbench/per_sample_predictions/outer_4/stage1_specialist_only/mp_gap.npz,1688076,f5cdd38efa8034c6f3614208d67b00c07f96fc7723518f4f629c443dafe8e439
results/matbench/per_sample_predictions/outer_4/stage1_specialist_only/mp_is_metal.npz,1784969,8ce4e97f6d75d3951df8afbfd19fe62c5f3ab024d44d6e7288ecd1a81cf16417
results/matbench/per_sample_predictions/outer_4/stage1_specialist_only/perovskites.npz,301408,ea5d0d50aaddc2d89e08c8e6598f4994351a1b8f6bd0f824970d9baca0180549
results/matbench/per_sample_predictions/outer_4/stage1_specialist_only/phonons.npz,24111,e1b3695bd4e63cce45687c0a11a3f0e47e31963515134ea8376868c137cd2aea
results/matbench/per_sample_predictions/outer_4/stage1_specialist_only/steels.npz,5168,3d56c9470b69e4093a6f9b1fd0d85ab0c2915b4b02981c35ae698dbb859eba07
results/matbench/task_gain_statistics.csv,4619,5ca941d4a1072fc2e75f3e3121befe4cd29e79dc39de5d94cba4be3f94f5deef
results/matbench/task_matched_comparisons.csv,1402,298358ac7abff5c802bc90a6b3323f84d872321af5bc13a73dffd5c8c4da73b9
results/matbench/task_variant_mean_std.csv,6592,8de9d0b3c82ad6bade280923ff105efd421155eed4772cb8441d782420e8da93
scripts/build_full_benchmark_comparison.py,12048,bdec1be53616f49f8839a4b87ddd78ae3151f9511d332077b24bbc0ce660d11b
scripts/build_manifest.py,1863,f76b0d554fe1b9e3a32cffa6a9147691168f66ab165933321170bb721913b939
scripts/certify_jmp_l_h20_fp32_stage1.py,928,b9a6a0923e78dd689152741625b854dfda9c78069031c0ac43ea1b9dcf6ed885
scripts/certify_jmp_l_stage1.py,931,0aaa09e52118d93273825446a89ed131fdd5e0dc4c370bfc4af76b3be5133be3
scripts/export_stage1_anchorboost_aligned.py,1088,cb8015e91d2600cfd116a9b7f9e77e36496a7ff92cfc6e17eaac15cc3e98e760
scripts/export_stage1_tpot_mat.py,1107,9a0ef2f58c74f947c3687c4bd76dda8f9f2f43daf12fee379d49d789a8556e3f
scripts/preflight_jmp_l_h20_fp32.py,5497,14f6e7b54ba5b86c711b33bfb2d9fe7d57c82b1215b0ff39a37a82343dc9463c
scripts/preflight_jmp_l_runtime.py,7394,76ae67602450ffe1e642045bc3f4aafc202edf87605d70376dce49b546486cec
scripts/preflight_stage1_anchorboost_exports.py,4590,0232223ec7102ce9533e59f8db04211048038732a099d21a768f5d0b7f8c3ba2
scripts/preflight_stage1_tpot_mat.py,975,ba910b14880756ce74c323f1ee8ff8c924778b197d1a4de13caaf706810c8920
scripts/preflight_stage2.py,5206,e003cdc7c3b6051597884160ca1ec1d5c6775bb34da85cdde6131547384533c6
scripts/prepare_anchorboost_cache.py,963,5c75ebc5cdac0a3b4836cebc98d88d10d9529629ad9ebe68a371d7655dc69ba9
scripts/prepare_jmp_l_cache.py,1246,d63937a4429f6961ecca84bd29d7f62f9528c5725cdd1b1306cb89b0f9b5a190
scripts/prepare_matbench_manifests.py,1257,c297441c8e9f2c74fc1a445b329c657b87a193c99a7e9840ebdd5bd377c00b9a
scripts/prepare_stage1_tpot_mat_features.py,657,a91bf7194db20d67177cf90616fc764f7834e2bdca651d3a914ac91fa5793001
scripts/recompute_analysis_outputs.py,28596,c66605c3ff76b0e97918fb4a3287de32e97674c966062df5a63898eb01611845
scripts/recompute_external_case_studies.py,6325,d66656ee04b16a78758f3700d78ef084fcd9576600baa721bde80b79c8cf72c0
scripts/render_jmp_l_stage1_h20_fp32.py,1408,96124b0d3637267f8aeec68f40aaa329bf88cd2f33b593e6e690b96819395b3d
scripts/render_stage1_anchorboost_exports.py,6751,abb3c8efc1b0dbae489b59e431eaadfb27abec2d12493ccfe3f86928e357639e
scripts/render_stage1_tpot_mat_steels.py,8213,b97acdaa588e550becfa6799ac2c506fb8b0a83cd24d33490d2453fd83c8f570
scripts/render_stage2.py,15320,f60b1f9db97dfdb5759d4a3347e92b78c5511443d0a41895c2abd26a68eecbc4
scripts/report_jmp_l_stage1_results.py,5887,82ee4499cb2874ee7c0c94e57fb109e1200a074cd1471b06f9ef24a07095a3f0
scripts/run_jmp_l_h20_fp32.py,1198,a4e454c233ea323738437a588f3b7da3bb2d018c4b83f6d7566a6855ecdcee59
scripts/run_job_graph.py,115,7961f982a57990d1c0140c02c412350c0b6d98385bd7fa56b07093690eb3431e
scripts/run_stage1_tpot_mat_fold.py,1116,5af05de92f237b230bbc39091abc00ce016e49df9a2b7225db2ca17d003158fb
scripts/run_stage2.py,4730,fafd21f8f04b2ca73dc91048e20934e8334ad0e4e7d08acf215a1008948f8d8f
scripts/setup_jmp_l_runtime.py,13913,ba40b11bbcf5c357212f8ca2995d5af85ce842f1fc35ac67744d12fae817b2dd
scripts/validate_core23_screening.py,2155,0d1916c6bdee962ed0d29bbb5e8315e7bd52cf51e10466cc057fef5aeecb0b1a
scripts/validate_hea95_shared_labels.py,8662,214cce9a050de81e9659f6b5af7e7cd6ef5aa4364ff07eab980f6eb1c9fded78
scripts/validate_stage1_anchorboost_exports.py,8303,13f1cc39bca70a0ae5be74c630af5239400890423f288be4b4b7bb9465e0f9f1
scripts/validate_stage1_provider_exports.py,4752,6f343295680e383f1f22cb3cd1bbeb739f46c2cbc0871d9edd043754c67324b6
scripts/validate_stage1_tpot_mat.py,1018,f141cead2cb153d5191cc584554f31ad025d25eeac5161917a36a8a00cbe919d
source_data/README.md,1857,afb6da2c1390ea0fe1966ec77482cd9ebc23a1f26fb18d2aed98181cf8aa11e3
source_data/elastic_expert_fold_cka.csv,986,dcfb24d5d04328ca44209ac2b0fbc4f9ae031fd56675bd1948c6c2b574bfe06b
source_data/gain_normalization_sensitivity.csv,1508,7f5c473e7df992bbaabbca5f5633f6dea7f9da2e7a38429a8b13f9845336482a
source_data/gain_normalization_sensitivity_method.json,375,c9bc5c7f1aacbf80fb56bc649949cad9d09914f420054a1502bc57862281e360
source_data/hea95_shared_label_group_sensitivity.csv,16834,752a7c5b40c0078c83be294b0d394004c2e93e63620c94977fed85d9b0f1c0fe
source_data/hea95_shared_label_group_sensitivity_summary.csv,334,b322f85ce2f8d7f9ed491522d41a8bcd1f8f576247cd6af538cc2b1669cc75d0
source_data/jarvis_paired_bootstrap.csv,1255,bbe889a4af3593883da43112a89b8414135470354525e5bfe8861d0b50b6a208
source_data/low_label_calibration_distribution_summary.csv,4582,2d2b9011931ecfccbefbf725b1311045e6f0ed16dcfd15d59343b34f7b468800
source_data/low_label_calibration_paired_splits.csv,30037,7b9ea28c46db8f80c6fe340176be8629ce3487bf7f976f6a2a9cdd07384edeb4
source_data/matbench_aggregate_uncertainty.csv,467,e38ad2aee9123cc02ccaec68f397e1c4d80bf56edbc6b924884e85635ff46162
source_data/mechanism_uncertainty.csv,2368,f031f5c976ef07db1c4acb3f5e84758102e54690a9c30b81b4524c1e81d9b0cd
source_data/mechanism_uncertainty_method.json,570,ac74a10bc40b7a1095d70a7cbb7fe881bc53c6567382eb9d5d1064f1602c7418
source_data/native_metric_changes.csv,1133,ed45f3876d9fefa71ab59df5fa2583e593135b98935bd47e2122bf1dc6ab0250
src/hpsafe_sota/__init__.py,94,aea7f9d96b226f9eb6de885b6998f516973393af7cd14930b26808ae1218fa14
src/hpsafe_sota/artifacts/__init__.py,331,26ba166f05c0c94481e90a9d7aa039c540d845c0bfbb8e0df751e1af1e976332
src/hpsafe_sota/artifacts/contract.py,13442,ac634bb0d2ffa69fceed42209632032e6ab606d66ac6274bc1ee8974ec6a7910
src/hpsafe_sota/data/__init__.py,392,fb938e13654452618a4f4d4f3a368b0e09806eee75da4ec7cebb31f89b032870
src/hpsafe_sota/data/manifest.py,18712,63db11de8bc58cfccbe753a1f47d46bf9e84610326cc9fb2ff5f568775af33ae
src/hpsafe_sota/data/raw.py,9283,51a39e671509ed7a3c68719e27e73e9093231f5d6b0acd5eefd6aa9daa7f9197
src/hpsafe_sota/experts/__init__.py,213,50ed8c5ec22d03100fef735f5646d4472a911bedb24b172ddd2a28eca82df93a
src/hpsafe_sota/experts/events.py,4125,08dce2e32581c0aee68291f93e0be99868d4dd63bd67a48fb1743c7b6eed8bb5
src/hpsafe_sota/experts/external_cache.py,21960,93a4517b08ac2bfeeda4ec356ca683e998dd1e3965495414a9ed64148351fd5d
src/hpsafe_sota/experts/fingerprint.py,4750,d59c4a0c8b20286ea950e8a86a6b47b8ae42531e85e4dbf5371c2eeca8c54b09
src/hpsafe_sota/experts/interface.py,7467,aa2fc9c15189b8e989e5d4fa3e1b1d51fbc960bde56212cd82799ba1f996af7a
src/hpsafe_sota/experts/jmp_l_bridge.py,43240,4a5b9f8709c9dc420579dd8726913d515776682ab51af804624d573e6e4a58ce
src/hpsafe_sota/experts/jmp_l_certify.py,6240,30f94510bd158c73cacd3c498203e98ec847268cfe2433e895dcd2ebb5636aba
src/hpsafe_sota/experts/jmp_l_fast32_certify.py,8049,39e3191fda668d8a639ad979f6a2fbb6ea26c0e4f0771ac67d0a10d5cc755447
src/hpsafe_sota/experts/jmp_l_fast32_jobs.py,13264,ff4319602b0bc1227e76bd4fdc93a22844b7dcbf769742ddd2dc6038ec923bd0
src/hpsafe_sota/experts/jmp_l_h20_fp32_jobs.py,3989,ab916f99845edab81ab24d28e713fd7ebe97768c576b02a6826ee464abcb577f
src/hpsafe_sota/experts/jmp_l_jobs.py,12498,e8e37061470b255b7543f6c0e60815ee5d6c92800f5f30ab383b8b601dad5513
src/hpsafe_sota/experts/jobs.py,499,cbcedc3ddb623f8db855288033a0f3f1f5cb1555ac68d46bd7d49a6dfc7a7fa0
src/hpsafe_sota/experts/mattervial_bridge.py,64433,17b3e27244dfb0724dede6fd502d75a6b182310b43b48c71a68191110c2d68d7
src/hpsafe_sota/experts/native_cache.py,16536,51c6bf09258562aaada9f82eb2f89eb9388da601bb4718d4ec1b707bea58c065
src/hpsafe_sota/experts/native_models.py,12819,729e1bf51bb42244f1b58bce43500f29083446ea1a95578682156b7b9a450eb9
src/hpsafe_sota/experts/registry.py,828,0adee1689c58b171384c0a64623b084884b64c8296baeefd926c1a3caf882e44
src/hpsafe_sota/experts/runner.py,8016,db09d2a56fc0af95ecf914af2eecb149556ae21b6f0c00210be8a76a78a0af21
src/hpsafe_sota/experts/target_firewall.py,3695,f5e4cba76516cae760298b9b5b02789a3c55713ac9a88637b6ca29b04e411411
src/hpsafe_sota/metrics.py,1341,193afc86e1290883ce3d9f6f82c085c6d895c7551d56b39426432a2a73880b91
src/hpsafe_sota/orchestration/__init__.py,70,cd7aeb00aa0951a43e7970134e94373e82a0c17cb2d7cb975760dc51a1768b44
src/hpsafe_sota/orchestration/scheduler.py,37072,c078a63e951c31f4a23c4ae97c3381df9dd1f613c8e9ac014d3aa30359bee20c
src/hpsafe_sota/runtime/__init__.py,64,c7a4a727373fdb5081e628309b524a603f9ad8a7c34fafc3e2ad57fe41b1ecaa
src/hpsafe_sota/runtime/cache.py,1322,d47b144e7aa5bdaf6ee8eb164c967ffd2371321235fd550aea2247a3e9acf7f9
src/hpsafe_sota/stage1_anchorboost/__init__.py,203,7d22a6789426b6028ddf923f31515b72ae7bcde31704ba712f30480594154214
src/hpsafe_sota/stage1_anchorboost/anchor_replay.py,23056,45b932928f62fe4cfe6bb266a88752f83c5605e9fae5581f4e1c92644706b4e8
src/hpsafe_sota/stage1_anchorboost/anchorboost.py,23828,ec7ac2ab505d811243931166dd04421773ab64392ec947ca865a60997c6869e7
src/hpsafe_sota/stage1_anchorboost/cache.py,10251,ff3034ed03f69f35cf31c87b0091f1fe84851b4628c15f9ebeaa59c2e633cd45
src/hpsafe_sota/stage1_anchorboost/features.py,7382,6ef3b7c529ef9fcc8f004246eb3cbcd3961b1db64666f2ffe310973e019583cb
src/hpsafe_sota/stage1_anchorboost/firewall.py,4584,d2b037513bd9f31546c891dfd2c583106af4d5e17bd3b2a83d2bf6dcb1528f72
src/hpsafe_sota/stage1_tpot/__init__.py,324,23ab7a54cedf699678892261eb30929156ea07df142eaf52221c3cf47d7b088e
src/hpsafe_sota/stage1_tpot/features.py,6809,5a6eddfc15950a1ff31aa22531fe311f168bc2c1d79bb89fc572601ec587b7ff
src/hpsafe_sota/stage1_tpot/official.py,5762,590f365bd7e0c1c73016560d6c5fb91631419539df62ca804efe9cf6bbf5ef23
src/hpsafe_sota/stage1_tpot/pipeline.py,4783,2780029e54450edc8445767e77cc6c2eee20fec2b94f0326f2b94ff2cf0c3cc4
src/hpsafe_sota/stage1_tpot/workflow.py,19439,03e06889125f486092a226274629fb3be09a859ed413affc447e39e7b60867e0
src/hpsafe_sota/stage2/__init__.py,295,9183dc6978da2afd232c35c874966b12b87f0d150d6fe4ffbaaf6efee1c828a2
src/hpsafe_sota/stage2/experiment.py,101174,01370cf8cf08f2f4130c7a014ad4c56fc392a799395d5f850e60c917237b36d1
src/hpsafe_sota/stage2/model.py,21373,27801d935b2883794bc0230085980cc195f8bf7ee09e71fac067199b7e88b0a0
src/hpsafe_sota/stage2_common/__init__.py,484,ccb9a6a95eefdec5665785968241c1c8f49414e8bef1d537b9842e65033d3363
src/hpsafe_sota/stage2_common/cache.py,21937,f9eb33d828b26060b10805e15f64aeca092dd7e0dce44603d464de62cb156de0
src/hpsafe_sota/stage2_common/data.py,10729,14318b8fe64fdce4de27d68339b98c796ad851a08170c136b1d09540690a5aab
src/hpsafe_sota/stage2_common/io.py,1228,aa2d990bfc3bab81588c0bd8c6550709b5a5f094275bd4ef320fda670e176ba3
src/hpsafe_sota/stage2_common/mattervial_replay.py,27167,484d189def5f7aff63e8319e9e44271a402b4fe38c6d70b44414ecd38c6ea9d1
src/hpsafe_sota/stage2_common/protocol.py,4833,15c3c46dd70c532fced15fc230a931468d49da67f673f5c85b37b55c2f048f27
tests/test_jmp_l_h20_fp32_stage1.py,2425,fa6eff3a0f87313b42ecb29f7a3cea930775927df1111576255111a3a7714beb
tests/test_jmp_l_stage1.py,1599,a104d4c58433d7a24923fae72e0ca25144b308810c8afcb8499ce87937079170
tests/test_stage1_anchorboost_exports.py,5328,4c8abba6b973369fc3f4678987183518e0676c64b57fceb7e05696548b6ba7be
tests/test_stage1_mattervial_replay.py,1531,d912cb3af0e7ec4407f09df31a2ea2d3229b65111075c5143a9612ed44a479fe
tests/test_stage1_tpot_mat.py,3945,cd13e2ccc221b616bd30cec9827a46b9cea86a7b96840203eb28031563fdfdab
tests/test_stage2.py,19379,00cbffa7234934b3d39b93f87cd65da11e2282bda4b695f67a93adf6b5725551
tests/test_target_firewall.py,1471,e28550d665d3c2983950205e1d5ad8c103dbfb0300f26b396791b47f54a80957
verify_release.py,33364,9ab792772a1d92a6405d9de9f1f179cb62101d988b238f4b372ca6702fb6a29b
