expert_task,expert_id,provider,input_modality,hidden_dim,n_samples,probe_metric,within_outer_fold_probe_mean,within_outer_fold_probe_min,within_outer_fold_probe_max,within_outer_fold_probe_spearman_mean,native_expert_prediction_metric_mean,coordinate_handling
steels,tpot_mat_steels_anchor,tpot_mat,steels_14_element_composition,103,312,r2,0.7244887580093083,0.4426113983259692,0.8714471167062621,0.8313359299885461,0.8514374454665121,probe_preprocessing_fit_within_each_probe_training_fold;cka_fit_within_outer_fold
expt_gap,mattervial_expt_gap_anchor,mattervial_modnet,composition_or_structure_official_mattervial_features,40,1500,r2,0.7289014892865918,0.6800254498310936,0.7682686265857193,0.7977781508944973,0.7458355848296716,probe_preprocessing_fit_within_each_probe_training_fold;cka_fit_within_outer_fold
glass,anchorboost_glass_anchor,anchorboost,enriched_composition_descriptors,512,1500,roc_auc,0.9093586380323171,0.8938451465051563,0.9332936271590233,,0.9565978894120745,probe_preprocessing_fit_within_each_probe_training_fold;cka_fit_within_outer_fold
expt_is_metal,mattervial_expt_is_metal_anchor,mattervial_modnet,composition_or_structure_official_mattervial_features,160,1500,roc_auc,0.9756163819749718,0.9698757763975155,0.9817546922741162,,0.978466118574414,probe_preprocessing_fit_within_each_probe_training_fold;cka_fit_within_outer_fold
jdft2d,jmp_l_jdft2d_anchor,jmp_l,periodic_crystal_structure,256,636,r2,0.5510575834908479,0.013507619264104154,0.7233871959361715,0.7245985058553726,0.5322276848905668,probe_preprocessing_fit_within_each_probe_training_fold;cka_fit_within_outer_fold
dielectric,mattervial_dielectric_anchor,mattervial_modnet,composition_or_structure_official_mattervial_features,160,1500,r2,0.3286973374912597,0.05574071776758038,0.7620115907340155,0.9346518435564471,0.27398529806204663,probe_preprocessing_fit_within_each_probe_training_fold;cka_fit_within_outer_fold
log_kvrh,mattervial_log_kvrh_anchor,mattervial_modnet,composition_or_structure_official_mattervial_features,160,1500,r2,0.9591069417129041,0.9285654397739146,0.9807309320707123,0.9876284183337859,0.9693764184327712,probe_preprocessing_fit_within_each_probe_training_fold;cka_fit_within_outer_fold
log_gvrh,mattervial_log_gvrh_anchor,mattervial_modnet,composition_or_structure_official_mattervial_features,160,1500,r2,0.961867314550207,0.9255835058181726,0.9816075224665136,0.9911897941109258,0.9799205048099935,probe_preprocessing_fit_within_each_probe_training_fold;cka_fit_within_outer_fold
perovskites,jmp_l_perovskites_anchor,jmp_l,periodic_crystal_structure,256,1500,r2,0.9898050171867748,0.9859701987794671,0.9919259585569811,0.9951503261536718,0.9923635799851965,probe_preprocessing_fit_within_each_probe_training_fold;cka_fit_within_outer_fold
phonons,jmp_l_phonons_anchor,jmp_l,periodic_crystal_structure,256,1265,r2,0.9068113697894585,0.6043704396615545,0.9878833322003914,0.9863843423974631,0.9932017843240875,probe_preprocessing_fit_within_each_probe_training_fold;cka_fit_within_outer_fold
mp_gap,jmp_l_mp_gap_anchor,jmp_l,periodic_crystal_structure,256,1500,r2,0.9550025693749399,0.937802222155494,0.9794631376633993,0.8927883737925502,0.9677527735265764,probe_preprocessing_fit_within_each_probe_training_fold;cka_fit_within_outer_fold
mp_is_metal,mattervial_mp_is_metal_anchor,mattervial_modnet,composition_or_structure_official_mattervial_features,40,1500,roc_auc,0.978607837404795,0.9685907313025958,0.9886673835718421,,0.982021623408133,probe_preprocessing_fit_within_each_probe_training_fold;cka_fit_within_outer_fold
mp_e_form,jmp_l_mp_e_form_anchor,jmp_l,periodic_crystal_structure,256,1500,r2,0.9973540192421126,0.9956332835834979,0.9983765597025268,0.9988621888667055,0.998836759390317,probe_preprocessing_fit_within_each_probe_training_fold;cka_fit_within_outer_fold
