expert_task,outer_fold,descriptor_group,linear_cka,permutation_null_mean,permutation_z,one_sided_permutation_p,n_samples,hidden_dim,reduced_dim_for_cka
steels,0,composition_stoichiometry,0.1894112884764511,0.08404809316692446,5.584199674947154,0.004975124378109453,63,103,32
steels,0,electronic_chemistry,0.23764693036276696,0.10212212245135287,4.868717135743167,0.004975124378109453,63,103,32
steels,0,size_mass,0.17477457422754525,0.0840766697279764,2.9687487712659553,0.029850746268656716,63,103,32
steels,0,target_property,0.5772121876004405,0.045486137537793514,27.974589268729858,0.004975124378109453,63,103,32
steels,1,composition_stoichiometry,0.20332279152975674,0.0959704619653597,4.427464472430645,0.009950248756218905,63,103,32
steels,1,electronic_chemistry,0.3037480220878228,0.11087361331451376,9.058045610274657,0.004975124378109453,63,103,32
steels,1,size_mass,0.19690845676473478,0.09155882697937148,4.681343855294973,0.009950248756218905,63,103,32
steels,1,target_property,0.6278917916903755,0.04969327387862734,28.352275654756014,0.004975124378109453,63,103,32
steels,2,composition_stoichiometry,0.24358792858675868,0.09308623286027475,5.304045830560213,0.004975124378109453,62,103,32
steels,2,electronic_chemistry,0.23977849767120996,0.10729732732855968,5.504873768546562,0.004975124378109453,62,103,32
steels,2,size_mass,0.16135537210624132,0.0943900036609556,2.274710220581412,0.03482587064676617,62,103,32
steels,2,target_property,0.5658833078491844,0.0496967775914416,20.60573198506994,0.004975124378109453,62,103,32
steels,3,composition_stoichiometry,0.19698858503938993,0.08053481586379935,4.949323085389792,0.004975124378109453,62,103,32
steels,3,electronic_chemistry,0.2675800914722922,0.08777845386280142,8.672135820430936,0.004975124378109453,62,103,32
steels,3,size_mass,0.23126255460439618,0.07547918969219189,7.240388714997762,0.004975124378109453,62,103,32
steels,3,target_property,0.7487146275714139,0.04101406191881311,27.325192704328856,0.004975124378109453,62,103,32
steels,4,composition_stoichiometry,0.20794417373189525,0.08617416160930073,4.299051707298052,0.014925373134328358,62,103,32
steels,4,electronic_chemistry,0.2788535121256369,0.09886312994914544,7.804731097612262,0.004975124378109453,62,103,32
steels,4,size_mass,0.19819769999105527,0.08895813187985072,3.974407652791871,0.009950248756218905,62,103,32
steels,4,target_property,0.5917173808555118,0.04455025154961606,24.39971211681239,0.004975124378109453,62,103,32
expt_gap,0,composition_stoichiometry,0.22126058995355077,0.017329471081217872,46.92284200970689,0.004975124378109453,306,40,14
expt_gap,0,electronic_chemistry,0.18379134148665763,0.014577454188839732,39.290413791674325,0.004975124378109453,306,40,14
expt_gap,0,size_mass,0.17618094273271243,0.013037698498433465,40.72136509125142,0.004975124378109453,306,40,14
expt_gap,0,target_property,0.652330446089266,0.006794422574203825,146.82134500193735,0.004975124378109453,306,40,14
expt_gap,1,composition_stoichiometry,0.19412808292863087,0.018255526498065385,31.772502871325916,0.004975124378109453,291,40,16
expt_gap,1,electronic_chemistry,0.12804146127213054,0.015429549136488942,22.16983575468917,0.004975124378109453,291,40,16
expt_gap,1,size_mass,0.12569936118811414,0.012927645641248837,26.595940338623137,0.004975124378109453,291,40,16
expt_gap,1,target_property,0.6536601426083992,0.007041761917922555,130.01052519739972,0.004975124378109453,291,40,16
expt_gap,2,composition_stoichiometry,0.16130174709950604,0.01663337310936324,29.87497346346477,0.004975124378109453,283,40,12
expt_gap,2,electronic_chemistry,0.14177889936531143,0.013203143294152654,27.18267643031058,0.004975124378109453,283,40,12
expt_gap,2,size_mass,0.11285518594826369,0.011813121976397056,18.0900154349615,0.004975124378109453,283,40,12
expt_gap,2,target_property,0.7072614635663822,0.007184169162330005,97.8693898169872,0.004975124378109453,283,40,12
expt_gap,3,composition_stoichiometry,0.21289372597121195,0.0169614546890091,41.293483814791315,0.004975124378109453,296,40,17
expt_gap,3,electronic_chemistry,0.16004291754724045,0.01420907093645566,33.696911487730404,0.004975124378109453,296,40,17
expt_gap,3,size_mass,0.17572739979911792,0.013122500336292081,33.281498190248385,0.004975124378109453,296,40,17
expt_gap,3,target_property,0.732681538010515,0.007537477104105696,104.83496233842652,0.004975124378109453,296,40,17
expt_gap,4,composition_stoichiometry,0.1908747479484414,0.0138104125307921,38.627624008205714,0.004975124378109453,324,40,12
expt_gap,4,electronic_chemistry,0.16370735909563827,0.011035449552827101,37.49335449489108,0.004975124378109453,324,40,12
expt_gap,4,size_mass,0.15845512623713548,0.009683645058825947,37.574794698438744,0.004975124378109453,324,40,12
expt_gap,4,target_property,0.6940904171485995,0.005144415350929944,168.35045483276218,0.004975124378109453,324,40,12
glass,0,composition_stoichiometry,0.13960901833186887,0.018509747103692506,23.371508767541044,0.004975124378109453,274,512,32
glass,0,electronic_chemistry,0.13439459096137973,0.015366711040617266,21.896325075738215,0.004975124378109453,274,512,32
glass,0,size_mass,0.1145003874913833,0.012352912525091067,23.303813022914557,0.004975124378109453,274,512,32
glass,0,target_property,0.5344802788860856,0.0067884306381879355,114.83975234985074,0.004975124378109453,274,512,32
glass,1,composition_stoichiometry,0.12382191304238224,0.015962747096219622,25.197899098058077,0.004975124378109453,308,512,32
glass,1,electronic_chemistry,0.13750489447624217,0.014449574710056394,26.878617515707013,0.004975124378109453,308,512,32
glass,1,size_mass,0.1169760399916845,0.011627859645259779,22.499486051210376,0.004975124378109453,308,512,32
glass,1,target_property,0.4571185377975048,0.006334118540047403,94.01314241238131,0.004975124378109453,308,512,32
glass,2,composition_stoichiometry,0.2254029366764156,0.01676086317239809,49.91090918482314,0.004975124378109453,313,512,32
glass,2,electronic_chemistry,0.24941987413157896,0.015508146945777785,53.78942443607173,0.004975124378109453,313,512,32
glass,2,size_mass,0.19856061381562173,0.01239407127633781,46.59887894346471,0.004975124378109453,313,512,32
glass,2,target_property,0.4569785901366646,0.006769951211047005,101.41496795400617,0.004975124378109453,313,512,32
glass,3,composition_stoichiometry,0.12665497029372877,0.015838135078974806,27.472670428379107,0.004975124378109453,298,512,32
glass,3,electronic_chemistry,0.13954595711766177,0.0141927068457403,24.41837498146589,0.004975124378109453,298,512,32
glass,3,size_mass,0.12487444033185086,0.012046324034640185,26.2711729946623,0.004975124378109453,298,512,32
glass,3,target_property,0.4431166576985001,0.00625130317246853,91.28852920566065,0.004975124378109453,298,512,32
glass,4,composition_stoichiometry,0.1297537894084805,0.013989050751696895,24.99308781535663,0.004975124378109453,307,512,32
glass,4,electronic_chemistry,0.1289684915744318,0.012773284021727931,26.962554665433473,0.004975124378109453,307,512,32
glass,4,size_mass,0.1068936119607197,0.0109693096768442,20.95850840509317,0.004975124378109453,307,512,32
glass,4,target_property,0.5290057136483219,0.006115265805315015,112.92996694979608,0.004975124378109453,307,512,32
expt_is_metal,0,composition_stoichiometry,0.33154155316800116,0.014196807931251984,85.96576511131101,0.004975124378109453,313,160,32
expt_is_metal,0,electronic_chemistry,0.17217301992628148,0.012240295396577432,38.121998182009435,0.004975124378109453,313,160,32
expt_is_metal,0,size_mass,0.10753868087073527,0.010457184197468293,22.315798394203327,0.004975124378109453,313,160,32
expt_is_metal,0,target_property,0.654617585225559,0.005898812254209209,152.77089368195564,0.004975124378109453,313,160,32
expt_is_metal,1,composition_stoichiometry,0.3118976538423841,0.014898299530559784,66.32389040728755,0.004975124378109453,303,160,32
expt_is_metal,1,electronic_chemistry,0.15133673865537878,0.011308274959129094,31.346884536527657,0.004975124378109453,303,160,32
expt_is_metal,1,size_mass,0.0891588968493439,0.010404002767634386,16.794294239195683,0.004975124378109453,303,160,32
expt_is_metal,1,target_property,0.6339789658403415,0.005838498478534532,123.97057026111467,0.004975124378109453,303,160,32
expt_is_metal,2,composition_stoichiometry,0.269022688645537,0.016260047863242925,53.99472938766163,0.004975124378109453,278,160,32
expt_is_metal,2,electronic_chemistry,0.1189305338017837,0.012747247974671846,22.44621614116796,0.004975124378109453,278,160,32
expt_is_metal,2,size_mass,0.05193556944833348,0.011783127114770319,8.200665749171053,0.004975124378109453,278,160,32
expt_is_metal,2,target_property,0.633337877302813,0.0065203687143149565,126.60444087349912,0.004975124378109453,278,160,32
expt_is_metal,3,composition_stoichiometry,0.3252748584592781,0.014092214424237645,77.32902496006197,0.004975124378109453,325,160,32
expt_is_metal,3,electronic_chemistry,0.16655058752500618,0.012058349402310466,36.28029820510649,0.004975124378109453,325,160,32
expt_is_metal,3,size_mass,0.09334443093079746,0.010288878238910084,21.24590890730066,0.004975124378109453,325,160,32
expt_is_metal,3,target_property,0.6285509915988224,0.005324457590252789,181.43220397263647,0.004975124378109453,325,160,32
expt_is_metal,4,composition_stoichiometry,0.3314985412783462,0.016523114149235515,65.49000163196199,0.004975124378109453,281,160,32
expt_is_metal,4,electronic_chemistry,0.18406439619091416,0.013389802718086295,31.616421639145038,0.004975124378109453,281,160,32
expt_is_metal,4,size_mass,0.10875526190226702,0.011123579081828571,20.620644801282367,0.004975124378109453,281,160,32
expt_is_metal,4,target_property,0.6418869803184385,0.0067426726106007565,128.0835804700466,0.004975124378109453,281,160,32
jdft2d,0,composition_stoichiometry,0.14548609240558902,0.043437297232899436,9.278707300947463,0.004975124378109453,128,256,32
jdft2d,0,electronic_chemistry,0.102498026315707,0.03414305500372955,6.449526060433033,0.004975124378109453,128,256,32
jdft2d,0,size_mass,0.08392878428333465,0.02900976880363249,4.943882480087341,0.004975124378109453,128,256,32
jdft2d,0,structure_geometry_density,0.12966018767361293,0.03804431656360837,8.065674704024861,0.004975124378109453,128,256,32
jdft2d,0,symmetry,0.08095350187559452,0.036031841462832365,4.163110531924577,0.009950248756218905,128,256,32
jdft2d,0,target_property,0.6098616891867255,0.018342923540558595,32.43060929901466,0.004975124378109453,128,256,32
jdft2d,1,composition_stoichiometry,0.22901680876947592,0.04390902622202237,15.568028352655379,0.004975124378109453,127,256,32
jdft2d,1,electronic_chemistry,0.18055066077055695,0.03504065247696744,12.892063750102224,0.004975124378109453,127,256,32
jdft2d,1,size_mass,0.11401640729680614,0.02986872406679143,9.063996574009723,0.004975124378109453,127,256,32
jdft2d,1,structure_geometry_density,0.18172711389878177,0.040287520324456434,10.319669052473197,0.004975124378109453,127,256,32
jdft2d,1,symmetry,0.08810360223583599,0.0381737524545156,4.193212440836969,0.009950248756218905,127,256,32
jdft2d,1,target_property,0.5673803447309737,0.016986182533733338,37.54384596894802,0.004975124378109453,127,256,32
jdft2d,2,composition_stoichiometry,0.1372849589444881,0.046597772427467064,8.306393630726118,0.004975124378109453,127,256,32
jdft2d,2,electronic_chemistry,0.1552405887151971,0.03908223820956829,9.916707882496162,0.004975124378109453,127,256,32
jdft2d,2,size_mass,0.1217198563016277,0.033193542948339955,7.766739479822212,0.004975124378109453,127,256,32
jdft2d,2,structure_geometry_density,0.11849983482458099,0.04367734139926929,6.385489332862517,0.004975124378109453,127,256,32
jdft2d,2,symmetry,0.05670139360188055,0.03978420158091435,1.7158374702953814,0.05970149253731343,127,256,32
jdft2d,2,target_property,0.514233496410844,0.018760852878543722,34.17395957222164,0.004975124378109453,127,256,32
jdft2d,3,composition_stoichiometry,0.20614177577300188,0.04694157381743183,12.51815748157255,0.004975124378109453,127,256,32
jdft2d,3,electronic_chemistry,0.21128976053055046,0.036515495722981385,17.05394847265043,0.004975124378109453,127,256,32
jdft2d,3,size_mass,0.16013086494116016,0.029074225620933064,12.09541430666697,0.004975124378109453,127,256,32
jdft2d,3,structure_geometry_density,0.2155712443772389,0.040432101247356515,13.090214271339894,0.004975124378109453,127,256,32
jdft2d,3,symmetry,0.06373933703197143,0.04001705493537456,2.019200879570795,0.05472636815920398,127,256,32
jdft2d,3,target_property,0.6954857443232427,0.018418100006386634,41.22281994690069,0.004975124378109453,127,256,32
jdft2d,4,composition_stoichiometry,0.24743271723472487,0.041207049683621405,14.457716693891967,0.004975124378109453,127,256,32
jdft2d,4,electronic_chemistry,0.2475429144695514,0.03470541208650567,22.637357935432178,0.004975124378109453,127,256,32
jdft2d,4,size_mass,0.1544840598178017,0.02760964232989045,13.478090368343233,0.004975124378109453,127,256,32
jdft2d,4,structure_geometry_density,0.17343078971823045,0.03789706983177094,10.006982283115988,0.004975124378109453,127,256,32
jdft2d,4,symmetry,0.08692851595783525,0.03534567357362298,5.055906000069509,0.004975124378109453,127,256,32
jdft2d,4,target_property,0.13269132827511493,0.017406198515172968,4.343326860453433,0.014925373134328358,127,256,32
dielectric,0,composition_stoichiometry,0.18951989954498705,0.017505961121117495,32.689128907472174,0.004975124378109453,285,160,32
dielectric,0,electronic_chemistry,0.2845739855148743,0.014563900546033586,52.18009799198395,0.004975124378109453,285,160,32
dielectric,0,size_mass,0.21732518854265426,0.012495605151942556,40.120610737884846,0.004975124378109453,285,160,32
dielectric,0,structure_geometry_density,0.11024368841296817,0.01651970347990755,12.809458239714532,0.004975124378109453,285,160,32
dielectric,0,symmetry,0.02574369241778385,0.01660008466360694,2.0787609556548508,0.029850746268656716,285,160,32
dielectric,0,target_property,0.8027853275449779,0.006883984944589052,117.2389433718286,0.004975124378109453,285,160,32
dielectric,1,composition_stoichiometry,0.21085737814679825,0.017148980713209517,36.01851982292772,0.004975124378109453,302,160,32
dielectric,1,electronic_chemistry,0.33948801924518807,0.013433464027114183,72.52950864139987,0.004975124378109453,302,160,32
dielectric,1,size_mass,0.3110936539342708,0.011558856883730787,66.26404310544446,0.004975124378109453,302,160,32
dielectric,1,structure_geometry_density,0.1056622645013839,0.015556440555582862,16.69500451006262,0.004975124378109453,302,160,32
dielectric,1,symmetry,0.026940503956951155,0.01555464731469087,2.3971329139904967,0.03980099502487562,302,160,32
dielectric,1,target_property,0.6273655690631111,0.005793655651819992,139.23179888729052,0.004975124378109453,302,160,32
dielectric,2,composition_stoichiometry,0.18431436706280874,0.0171015655628399,32.40743596314483,0.004975124378109453,309,160,32
dielectric,2,electronic_chemistry,0.259681461315216,0.014383492480064874,54.19669165266209,0.004975124378109453,309,160,32
dielectric,2,size_mass,0.20972371214752844,0.012537768580565543,37.51445603795202,0.004975124378109453,309,160,32
dielectric,2,structure_geometry_density,0.09599360286721052,0.015061284477939103,14.255014084934228,0.004975124378109453,309,160,32
dielectric,2,symmetry,0.03989948079252019,0.01605986541910841,5.627630976314696,0.004975124378109453,309,160,32
dielectric,2,target_property,0.137693272472604,0.007850751809463081,4.5900685844255475,0.01990049751243781,309,160,32
dielectric,3,composition_stoichiometry,0.17941127184471398,0.017312728158942903,34.02393965124123,0.004975124378109453,290,160,32
dielectric,3,electronic_chemistry,0.2710800831562377,0.014271081785743895,49.57395184509139,0.004975124378109453,290,160,32
dielectric,3,size_mass,0.21445627474982215,0.012344626874226897,41.13166057675144,0.004975124378109453,290,160,32
dielectric,3,structure_geometry_density,0.1300860765037378,0.016846686387877147,13.991799668980601,0.004975124378109453,290,160,32
dielectric,3,symmetry,0.020994584959633068,0.01662664896380448,0.9455291022972739,0.17412935323383086,290,160,32
dielectric,3,target_property,0.16935822532047176,0.006835624079898359,7.103847174076367,0.009950248756218905,290,160,32
dielectric,4,composition_stoichiometry,0.15719474168413503,0.015938870299411857,29.050012985040187,0.004975124378109453,314,160,32
dielectric,4,electronic_chemistry,0.21731772982329253,0.012655341323169025,45.026706103955924,0.004975124378109453,314,160,32
dielectric,4,size_mass,0.19190354207100613,0.011118049046553904,43.901634475821204,0.004975124378109453,314,160,32
dielectric,4,structure_geometry_density,0.07406981514823047,0.014218696451335262,10.09773841958722,0.004975124378109453,314,160,32
dielectric,4,symmetry,0.01848850995830097,0.014915055884083685,0.8695386072588354,0.18407960199004975,314,160,32
dielectric,4,target_property,0.42643448923447824,0.0055300778092509904,71.97854035920301,0.004975124378109453,314,160,32
log_kvrh,0,composition_stoichiometry,0.14633226827802584,0.0133195977981803,20.2118346703981,0.004975124378109453,304,160,32
log_kvrh,0,electronic_chemistry,0.0249500592439883,0.011014675880959114,3.029785923571879,0.01990049751243781,304,160,32
log_kvrh,0,size_mass,0.03689302383274148,0.009096717786569963,6.097634761193509,0.004975124378109453,304,160,32
log_kvrh,0,structure_geometry_density,0.21175249299876694,0.011099465519188324,35.723968427716095,0.004975124378109453,304,160,32
log_kvrh,0,symmetry,0.021332465607336933,0.012098513536186248,1.6400033523299316,0.04477611940298507,304,160,32
log_kvrh,0,target_property,0.8228208592779318,0.005161124267552195,193.6247726916493,0.004975124378109453,304,160,32
log_kvrh,1,composition_stoichiometry,0.15064459394036114,0.013422172719752401,25.095689639856733,0.004975124378109453,298,160,32
log_kvrh,1,electronic_chemistry,0.032828775967807575,0.010849872990023091,4.589086588260749,0.009950248756218905,298,160,32
log_kvrh,1,size_mass,0.028885675496515224,0.010186723032534921,3.7928357292641466,0.009950248756218905,298,160,32
log_kvrh,1,structure_geometry_density,0.12411708783867731,0.012345435620904883,12.118032065161588,0.004975124378109453,298,160,32
log_kvrh,1,symmetry,0.01458592674679687,0.013058451936761669,0.2893379339157667,0.3034825870646766,298,160,32
log_kvrh,1,target_property,0.8147571985849764,0.005280766715461289,164.7871753510011,0.004975124378109453,298,160,32
log_kvrh,2,composition_stoichiometry,0.15642535738276386,0.014909275016211325,19.366207388579223,0.004975124378109453,277,160,32
log_kvrh,2,electronic_chemistry,0.04274992383199698,0.012166705428439274,5.8035656080017,0.004975124378109453,277,160,32
log_kvrh,2,size_mass,0.04927123965954258,0.010934684141804507,6.55070052798584,0.004975124378109453,277,160,32
log_kvrh,2,structure_geometry_density,0.15754918132517384,0.014007969180029159,17.86893547016359,0.004975124378109453,277,160,32
log_kvrh,2,symmetry,0.013189798907527691,0.014779296304943235,-0.15749886192299636,0.44776119402985076,277,160,32
log_kvrh,2,target_property,0.8250800560765839,0.005630722307310323,175.53496546347336,0.004975124378109453,277,160,32
log_kvrh,3,composition_stoichiometry,0.13988598687091203,0.011991281776414106,28.836540140691138,0.004975124378109453,322,160,32
log_kvrh,3,electronic_chemistry,0.035051879948969106,0.01091232548865388,5.340425860670781,0.004975124378109453,322,160,32
log_kvrh,3,size_mass,0.019928446572884343,0.008909562697740328,2.4882005037994803,0.03482587064676617,322,160,32
log_kvrh,3,structure_geometry_density,0.19313560108280703,0.010817414026794165,36.404252819516024,0.004975124378109453,322,160,32
log_kvrh,3,symmetry,0.03691292279691683,0.01180209494462451,5.308858653360962,0.004975124378109453,322,160,32
log_kvrh,3,target_property,0.7715116911018254,0.005633426785759207,122.38823526773793,0.004975124378109453,322,160,32
log_kvrh,4,composition_stoichiometry,0.14302428973945205,0.013898555766769984,22.92768410359428,0.004975124378109453,299,160,32
log_kvrh,4,electronic_chemistry,0.04375039633774134,0.01157927196419839,6.716309556410355,0.004975124378109453,299,160,32
log_kvrh,4,size_mass,0.04393420484788595,0.009683963985853663,7.459035876350827,0.004975124378109453,299,160,32
log_kvrh,4,structure_geometry_density,0.2071190440043731,0.012307575318364012,24.6756218091139,0.004975124378109453,299,160,32
log_kvrh,4,symmetry,0.017940069326433376,0.013760249252902835,0.5123035857545268,0.12437810945273632,299,160,32
log_kvrh,4,target_property,0.7786274815214299,0.005124904674153535,184.03265226486835,0.004975124378109453,299,160,32
log_gvrh,0,composition_stoichiometry,0.11070780535521281,0.014477520529339045,18.601882250383127,0.004975124378109453,293,160,32
log_gvrh,0,electronic_chemistry,0.05915774748747234,0.011689532954269262,10.309064102437464,0.004975124378109453,293,160,32
log_gvrh,0,size_mass,0.05399826627146849,0.010824093677535545,9.058533252963741,0.004975124378109453,293,160,32
log_gvrh,0,structure_geometry_density,0.158417997679604,0.01280282332486896,21.723427226699087,0.004975124378109453,293,160,32
log_gvrh,0,symmetry,0.006771832049984711,0.013663087480738753,-1.0324034682861973,0.945273631840796,293,160,32
log_gvrh,0,target_property,0.855137088482098,0.005701957411117773,151.5271575962765,0.004975124378109453,293,160,32
log_gvrh,1,composition_stoichiometry,0.11250461183314822,0.013616098445446416,18.065872087630364,0.004975124378109453,299,160,32
log_gvrh,1,electronic_chemistry,0.053559439289162,0.010634691567004823,10.54021432979375,0.004975124378109453,299,160,32
log_gvrh,1,size_mass,0.0805949307239402,0.009685728398608564,17.190154033572533,0.004975124378109453,299,160,32
log_gvrh,1,structure_geometry_density,0.16529767821804456,0.011301839378005512,28.93651653902094,0.004975124378109453,299,160,32
log_gvrh,1,symmetry,0.010980245458583891,0.013566726498531438,-0.27793550489698743,0.6268656716417911,299,160,32
log_gvrh,1,target_property,0.7742073798303416,0.005818392311840259,154.4480081098022,0.004975124378109453,299,160,32
log_gvrh,2,composition_stoichiometry,0.13349659435370007,0.01775978239056216,18.666092928282147,0.004975124378109453,274,160,32
log_gvrh,2,electronic_chemistry,0.0640136621832293,0.014192506957714839,10.700839217644527,0.004975124378109453,274,160,32
log_gvrh,2,size_mass,0.06381376477108104,0.012383480053405706,11.927154097632998,0.004975124378109453,274,160,32
log_gvrh,2,structure_geometry_density,0.1668515925182699,0.016402209149283295,15.266648751309708,0.004975124378109453,274,160,32
log_gvrh,2,symmetry,0.032689816007700004,0.015639687041758554,2.5490607472606404,0.03482587064676617,274,160,32
log_gvrh,2,target_property,0.7654046200014961,0.006846013578077119,123.76855960137769,0.004975124378109453,274,160,32
log_gvrh,3,composition_stoichiometry,0.11570480838296572,0.014217559114014837,20.46149911977268,0.004975124378109453,320,160,32
log_gvrh,3,electronic_chemistry,0.04475646046220938,0.011861741541141294,6.962630286066881,0.004975124378109453,320,160,32
log_gvrh,3,size_mass,0.056335182100625006,0.010890766034214733,10.262572606200164,0.004975124378109453,320,160,32
log_gvrh,3,structure_geometry_density,0.17394713742172851,0.01380086930027367,22.491330101903444,0.004975124378109453,320,160,32
log_gvrh,3,symmetry,0.023075000692924084,0.014264161444541243,1.6126622424347958,0.06467661691542288,320,160,32
log_gvrh,3,target_property,0.7993958537888926,0.0068678373817237385,154.7946884899408,0.004975124378109453,320,160,32
log_gvrh,4,composition_stoichiometry,0.1493163727378708,0.014470958414436408,24.06872607299529,0.004975124378109453,314,160,32
log_gvrh,4,electronic_chemistry,0.04614838051445677,0.012577485582136188,6.612197787322829,0.004975124378109453,314,160,32
log_gvrh,4,size_mass,0.07214036345516274,0.010165942155921304,15.513717889463251,0.004975124378109453,314,160,32
log_gvrh,4,structure_geometry_density,0.18613419161989891,0.013558584136375068,28.878831777215122,0.004975124378109453,314,160,32
log_gvrh,4,symmetry,0.017527588483768498,0.014064761246408132,0.3694852493492844,0.14925373134328357,314,160,32
log_gvrh,4,target_property,0.8232187166842636,0.005823948256854241,190.40747659429144,0.004975124378109453,314,160,32
perovskites,0,composition_stoichiometry,0.11600603176849977,0.017069306160675195,17.204610703120256,0.004975124378109453,290,256,32
perovskites,0,electronic_chemistry,0.10910380533790585,0.013096390814471559,22.572466870333713,0.004975124378109453,290,256,32
perovskites,0,size_mass,0.138010788897628,0.012008575717302983,27.718154190752603,0.004975124378109453,290,256,32
perovskites,0,structure_geometry_density,0.11843540037436841,0.007954128900015093,21.187653537718003,0.004975124378109453,290,256,32
perovskites,0,symmetry,0.05683275804116639,0.009911222481002437,9.013411098195983,0.004975124378109453,290,256,32
perovskites,0,target_property,0.8681956697332903,0.006480855141313002,227.30047492210412,0.004975124378109453,290,256,32
perovskites,1,composition_stoichiometry,0.11320935930626962,0.016051863884044955,20.288330535382887,0.004975124378109453,279,256,32
perovskites,1,electronic_chemistry,0.09959684471954183,0.013176382752095855,17.90517138645241,0.004975124378109453,279,256,32
perovskites,1,size_mass,0.11187160685463193,0.012827627071353738,20.005932007146253,0.004975124378109453,279,256,32
perovskites,1,structure_geometry_density,0.11521355914937663,0.008361827472049213,23.394551714761892,0.004975124378109453,279,256,32
perovskites,1,symmetry,0.07324842434385805,0.010492566950490025,10.362742026440403,0.004975124378109453,279,256,32
perovskites,1,target_property,0.886872981787882,0.0067908236556861465,200.90444132862393,0.004975124378109453,279,256,32
perovskites,2,composition_stoichiometry,0.13222249599794986,0.015505548866628275,26.885650821581343,0.004975124378109453,302,256,32
perovskites,2,electronic_chemistry,0.10135114734984214,0.012916122303213826,20.613781093422592,0.004975124378109453,302,256,32
perovskites,2,size_mass,0.10693422586773477,0.012286533176560158,22.52254488361085,0.004975124378109453,302,256,32
perovskites,2,structure_geometry_density,0.08303642305426392,0.008226736580878649,15.02494594590998,0.004975124378109453,302,256,32
perovskites,2,symmetry,0.04691484355446684,0.009754870011552392,7.3011437305486435,0.004975124378109453,302,256,32
perovskites,2,target_property,0.844310843012195,0.007164339164740072,186.12942386536412,0.004975124378109453,302,256,32
perovskites,3,composition_stoichiometry,0.11137926532765179,0.0149279000910551,17.72241206031516,0.004975124378109453,313,256,32
perovskites,3,electronic_chemistry,0.08780190368561729,0.011903552772878533,18.016848112976966,0.004975124378109453,313,256,32
perovskites,3,size_mass,0.13622953835537505,0.011280295727057289,25.619730514486836,0.004975124378109453,313,256,32
perovskites,3,structure_geometry_density,0.1226051342858433,0.007447602579483896,23.91190345058068,0.004975124378109453,313,256,32
perovskites,3,symmetry,0.04752242619393618,0.0086822458915149,9.737645900269476,0.004975124378109453,313,256,32
perovskites,3,target_property,0.883998801685835,0.006238466772016406,205.8010443655138,0.004975124378109453,313,256,32
perovskites,4,composition_stoichiometry,0.11095880303722937,0.01541817932779249,23.172493301276656,0.004975124378109453,316,256,32
perovskites,4,electronic_chemistry,0.08991997325379082,0.011646347460933,21.36881151056558,0.004975124378109453,316,256,32
perovskites,4,size_mass,0.14992371901286317,0.01118165489368754,31.374796203355366,0.004975124378109453,316,256,32
perovskites,4,structure_geometry_density,0.18459015721567257,0.007894706118691025,36.65892104567988,0.004975124378109453,316,256,32
perovskites,4,symmetry,0.057982912144802536,0.009504001226768873,10.006196673809837,0.004975124378109453,316,256,32
perovskites,4,target_property,0.8528287089908233,0.005873224287994725,227.98636843416222,0.004975124378109453,316,256,32
phonons,0,composition_stoichiometry,0.12339664220194442,0.02306128012508585,14.787648975884471,0.004975124378109453,253,256,32
phonons,0,electronic_chemistry,0.2282461481848762,0.01894540928007607,35.11734917709048,0.004975124378109453,253,256,32
phonons,0,size_mass,0.279334581871542,0.016393108339646547,52.315170883948966,0.004975124378109453,253,256,32
phonons,0,structure_geometry_density,0.10427057609946629,0.01967175282606071,12.999316300471445,0.004975124378109453,253,256,32
phonons,0,symmetry,0.05267900555497382,0.02092648968996276,5.067601575308983,0.009950248756218905,253,256,32
phonons,0,target_property,0.679841609062403,0.008813165738111318,95.5120109220894,0.004975124378109453,253,256,32
phonons,1,composition_stoichiometry,0.15996320104589654,0.022350730754036433,25.133721934522228,0.004975124378109453,253,256,32
phonons,1,electronic_chemistry,0.30274542388031805,0.017722880582600405,60.65207191598198,0.004975124378109453,253,256,32
phonons,1,size_mass,0.3801149433868337,0.01635795316666754,61.90223226997085,0.004975124378109453,253,256,32
phonons,1,structure_geometry_density,0.17568349173198494,0.01890556225904066,30.187224220395358,0.004975124378109453,253,256,32
phonons,1,symmetry,0.08816951184164444,0.019975108615786698,11.803161903761875,0.004975124378109453,253,256,32
phonons,1,target_property,0.8053481890360598,0.00870687489875297,143.1089027730903,0.004975124378109453,253,256,32
phonons,2,composition_stoichiometry,0.19816600174241283,0.023102465613008567,29.9586041701731,0.004975124378109453,253,256,32
phonons,2,electronic_chemistry,0.36262215864347663,0.017492451955303245,65.53261350306673,0.004975124378109453,253,256,32
phonons,2,size_mass,0.42664611723291207,0.01573230236963161,71.46427640617573,0.004975124378109453,253,256,32
phonons,2,structure_geometry_density,0.16001684852211082,0.018971735258435454,26.155690755239007,0.004975124378109453,253,256,32
phonons,2,symmetry,0.06577737706380309,0.020854570547751684,6.465362055289486,0.004975124378109453,253,256,32
phonons,2,target_property,0.7735391697516594,0.00891214928546881,111.98283595909679,0.004975124378109453,253,256,32
phonons,3,composition_stoichiometry,0.18970607270867024,0.022037281293251762,28.233987382192403,0.004975124378109453,253,256,32
phonons,3,electronic_chemistry,0.32854001947540823,0.018501691672941214,52.681290056365235,0.004975124378109453,253,256,32
phonons,3,size_mass,0.39617127220251064,0.016157239791048824,72.26485099381081,0.004975124378109453,253,256,32
phonons,3,structure_geometry_density,0.19617471748727766,0.02004916426950179,26.28861042684556,0.004975124378109453,253,256,32
phonons,3,symmetry,0.05810882637164767,0.020369598624722506,5.968945342904569,0.004975124378109453,253,256,32
phonons,3,target_property,0.7997101326087103,0.008189217131069675,122.42009639509548,0.004975124378109453,253,256,32
phonons,4,composition_stoichiometry,0.12085540055823504,0.019449664913581848,17.684036919082637,0.004975124378109453,253,256,32
phonons,4,electronic_chemistry,0.2128010763126034,0.016460647441959096,36.81672830885053,0.004975124378109453,253,256,32
phonons,4,size_mass,0.24574281619985208,0.014929474235928943,37.26733864112119,0.004975124378109453,253,256,32
phonons,4,structure_geometry_density,0.09462522598928394,0.016935927071603758,10.582635413365182,0.004975124378109453,253,256,32
phonons,4,symmetry,0.04713322266611652,0.017323309357446085,5.038862787077034,0.009950248756218905,253,256,32
phonons,4,target_property,0.511605834229002,0.008028416527573417,73.90174858932677,0.004975124378109453,253,256,32
mp_gap,0,composition_stoichiometry,0.23528317481681715,0.016228329172350744,48.13256233872188,0.004975124378109453,322,256,32
mp_gap,0,electronic_chemistry,0.20533465951403967,0.012959658346086662,46.55655483436218,0.004975124378109453,322,256,32
mp_gap,0,size_mass,0.19346326411205825,0.012147072948798568,40.09652552459661,0.004975124378109453,322,256,32
mp_gap,0,structure_geometry_density,0.15680522590108897,0.015626075198669147,26.116721380207533,0.004975124378109453,322,256,32
mp_gap,0,symmetry,0.055958597852103796,0.01618106122259596,10.037408362521868,0.004975124378109453,322,256,32
mp_gap,0,target_property,0.7367444822842208,0.007033780616975206,165.3396153419641,0.004975124378109453,322,256,32
mp_gap,1,composition_stoichiometry,0.27650101385535936,0.0168162835943727,49.778592420831494,0.004975124378109453,281,256,32
mp_gap,1,electronic_chemistry,0.2794358131284541,0.014017075595451034,52.25689003393305,0.004975124378109453,281,256,32
mp_gap,1,size_mass,0.23629840049733047,0.012053780540258829,52.09959086344825,0.004975124378109453,281,256,32
mp_gap,1,structure_geometry_density,0.15597568488825164,0.017286580434724495,26.058444068458865,0.004975124378109453,281,256,32
mp_gap,1,symmetry,0.1289299333739864,0.0170480793180226,23.29421742383993,0.004975124378109453,281,256,32
mp_gap,1,target_property,0.7920475111624606,0.0076673072203577155,140.88413064303217,0.004975124378109453,281,256,32
mp_gap,2,composition_stoichiometry,0.2576207456151085,0.015005993009980699,44.7133542149246,0.004975124378109453,296,256,32
mp_gap,2,electronic_chemistry,0.3193367574694184,0.011717245740336496,60.99345237691535,0.004975124378109453,296,256,32
mp_gap,2,size_mass,0.2803284130813439,0.010384712480919087,55.18650039224596,0.004975124378109453,296,256,32
mp_gap,2,structure_geometry_density,0.12490374163311338,0.01440408210605772,24.896605048147343,0.004975124378109453,296,256,32
mp_gap,2,symmetry,0.053525652167915036,0.014909519846159014,7.6892430343189995,0.004975124378109453,296,256,32
mp_gap,2,target_property,0.7434574665255435,0.006133344565924545,151.48971048743553,0.004975124378109453,296,256,32
mp_gap,3,composition_stoichiometry,0.26020143408893626,0.016554528314300286,51.60622639508779,0.004975124378109453,295,256,32
mp_gap,3,electronic_chemistry,0.2575323897632513,0.013321018059987155,51.15501918544355,0.004975124378109453,295,256,32
mp_gap,3,size_mass,0.2342271357680153,0.01188030672654833,42.09328948797675,0.004975124378109453,295,256,32
mp_gap,3,structure_geometry_density,0.1358345589159593,0.015880869377216444,22.956881348677094,0.004975124378109453,295,256,32
mp_gap,3,symmetry,0.08428390788937615,0.016359168519041324,14.462158075852072,0.004975124378109453,295,256,32
mp_gap,3,target_property,0.7881916493201347,0.007141530512166356,150.1619312294732,0.004975124378109453,295,256,32
mp_gap,4,composition_stoichiometry,0.2668375749619079,0.017100882419330294,52.10488264102531,0.004975124378109453,306,256,32
mp_gap,4,electronic_chemistry,0.26343479522097374,0.013662902801402936,54.801032088676,0.004975124378109453,306,256,32
mp_gap,4,size_mass,0.24264532461869862,0.011277191483464434,56.04396437407576,0.004975124378109453,306,256,32
mp_gap,4,structure_geometry_density,0.1541741798148774,0.015666319935535234,27.23493629989386,0.004975124378109453,306,256,32
mp_gap,4,symmetry,0.09740414419903871,0.015887211020041956,18.689615645166075,0.004975124378109453,306,256,32
mp_gap,4,target_property,0.7385957822191705,0.007220664778733743,126.80967615748972,0.004975124378109453,306,256,32
mp_is_metal,0,composition_stoichiometry,0.23110107803206487,0.029988531874749497,35.58003764990342,0.004975124378109453,250,40,24
mp_is_metal,0,electronic_chemistry,0.2150870332558722,0.024374491277634712,37.463320374363065,0.004975124378109453,250,40,24
mp_is_metal,0,size_mass,0.18800150908063978,0.022053249926683643,32.00712935396064,0.004975124378109453,250,40,24
mp_is_metal,0,structure_geometry_density,0.09960862818289466,0.03006078480427802,7.791651664615383,0.004975124378109453,250,40,24
mp_is_metal,0,symmetry,0.07851701887541357,0.030159199074572297,9.910826302616822,0.004975124378109453,250,40,24
mp_is_metal,0,target_property,0.3913636688243069,0.012920306097954477,73.95063327874281,0.004975124378109453,250,40,24
mp_is_metal,1,composition_stoichiometry,0.2681000999119193,0.02526617258807902,38.41443000561134,0.004975124378109453,311,40,30
mp_is_metal,1,electronic_chemistry,0.2694758605889137,0.020242337989027748,54.93781412247436,0.004975124378109453,311,40,30
mp_is_metal,1,size_mass,0.24145758970480077,0.018282377563697962,51.08605016474208,0.004975124378109453,311,40,30
mp_is_metal,1,structure_geometry_density,0.12689466145149134,0.02635761680032039,12.68678558289406,0.004975124378109453,311,40,30
mp_is_metal,1,symmetry,0.08976619705508934,0.025212451068094773,15.84313358063238,0.004975124378109453,311,40,30
mp_is_metal,1,target_property,0.40755413733710516,0.010474609421233714,118.47215190763232,0.004975124378109453,311,40,30
mp_is_metal,2,composition_stoichiometry,0.25308240066105786,0.030706897868363097,40.6396642638144,0.004975124378109453,285,40,30
mp_is_metal,2,electronic_chemistry,0.22333661633379054,0.025464550711149746,35.58044587409495,0.004975124378109453,285,40,30
mp_is_metal,2,size_mass,0.2079165790810287,0.021370568098351826,44.61379884326044,0.004975124378109453,285,40,30
mp_is_metal,2,structure_geometry_density,0.13569997303159684,0.030225157834532713,9.22626675067056,0.004975124378109453,285,40,30
mp_is_metal,2,symmetry,0.10972029226858478,0.030387343370810335,19.498658310038916,0.004975124378109453,285,40,30
mp_is_metal,2,target_property,0.40887835119119165,0.012944123255317595,94.24426465559986,0.004975124378109453,285,40,30
mp_is_metal,3,composition_stoichiometry,0.226662264382225,0.023721367755848436,39.42291330255342,0.004975124378109453,334,40,30
mp_is_metal,3,electronic_chemistry,0.21053278378620227,0.019718042987647035,48.43866614738691,0.004975124378109453,334,40,30
mp_is_metal,3,size_mass,0.18710534568884135,0.016868476811415095,44.194815784853915,0.004975124378109453,334,40,30
mp_is_metal,3,structure_geometry_density,0.14337049398641222,0.021929325636293066,21.18938998085381,0.004975124378109453,334,40,30
mp_is_metal,3,symmetry,0.09300314014842301,0.023579944383245913,18.286705635869335,0.004975124378109453,334,40,30
mp_is_metal,3,target_property,0.37350112072911973,0.009663797241876633,120.88099991120353,0.004975124378109453,334,40,30
mp_is_metal,4,composition_stoichiometry,0.1993866280496439,0.028256319507615504,29.68072325806506,0.004975124378109453,320,40,32
mp_is_metal,4,electronic_chemistry,0.18472332632430433,0.023020669155897816,33.18778832098739,0.004975124378109453,320,40,32
mp_is_metal,4,size_mass,0.16150324446704808,0.019972542403051338,33.087609668512066,0.004975124378109453,320,40,32
mp_is_metal,4,structure_geometry_density,0.12873644338827822,0.026745180485173953,17.473411961946983,0.004975124378109453,320,40,32
mp_is_metal,4,symmetry,0.08352680941435112,0.027977796959927845,12.616795176986539,0.004975124378109453,320,40,32
mp_is_metal,4,target_property,0.3136800148048033,0.011462781239853906,89.99521252873687,0.004975124378109453,320,40,32
mp_e_form,0,composition_stoichiometry,0.31014195939720757,0.019472499727430218,59.35234547797452,0.004975124378109453,293,256,32
mp_e_form,0,electronic_chemistry,0.39940336012511063,0.015891550445430683,76.43543083956875,0.004975124378109453,293,256,32
mp_e_form,0,size_mass,0.3158581534008303,0.014207557334824731,64.52353213945204,0.004975124378109453,293,256,32
mp_e_form,0,structure_geometry_density,0.20560698740155067,0.019179155441360327,31.553661388709116,0.004975124378109453,293,256,32
mp_e_form,0,symmetry,0.08757179058732327,0.018379701624156523,16.18605790808175,0.004975124378109453,293,256,32
mp_e_form,0,target_property,0.7431970701820608,0.008517523949416107,146.52663547790357,0.004975124378109453,293,256,32
mp_e_form,1,composition_stoichiometry,0.36368003557482115,0.017932033026250762,67.08300038822837,0.004975124378109453,323,256,32
mp_e_form,1,electronic_chemistry,0.477359173427684,0.014845483922636295,110.00915760041103,0.004975124378109453,323,256,32
mp_e_form,1,size_mass,0.3774814351112653,0.01322720226989042,78.81865284519505,0.004975124378109453,323,256,32
mp_e_form,1,structure_geometry_density,0.13481132843863833,0.017841155909306634,20.880716057396086,0.004975124378109453,323,256,32
mp_e_form,1,symmetry,0.11717821415745279,0.017827962926686546,23.254926284164952,0.004975124378109453,323,256,32
mp_e_form,1,target_property,0.770966503143371,0.007576675547037748,167.993460641119,0.004975124378109453,323,256,32
mp_e_form,2,composition_stoichiometry,0.3451986210465512,0.019986856563100765,72.48231559851601,0.004975124378109453,282,256,32
mp_e_form,2,electronic_chemistry,0.45941065764732925,0.0168674386840271,91.43851928857289,0.004975124378109453,282,256,32
mp_e_form,2,size_mass,0.36032592191257523,0.014689569539150047,69.5752988271327,0.004975124378109453,282,256,32
mp_e_form,2,structure_geometry_density,0.09463894082607334,0.020120898932116528,13.18830396487193,0.004975124378109453,282,256,32
mp_e_form,2,symmetry,0.057049977342603794,0.02059957630723245,6.935617470412023,0.004975124378109453,282,256,32
mp_e_form,2,target_property,0.7316279015752835,0.008837159977504222,143.35043528949342,0.004975124378109453,282,256,32
mp_e_form,3,composition_stoichiometry,0.3268117784264174,0.018603354830588958,59.79445313585453,0.004975124378109453,296,256,32
mp_e_form,3,electronic_chemistry,0.433895400831941,0.015596121905700071,83.89982282446242,0.004975124378109453,296,256,32
mp_e_form,3,size_mass,0.3201487440383107,0.013352945577541615,58.92682394791513,0.004975124378109453,296,256,32
mp_e_form,3,structure_geometry_density,0.1343488031376051,0.01788936651506495,23.752757512594656,0.004975124378109453,296,256,32
mp_e_form,3,symmetry,0.08701836049296566,0.018162446096101396,15.232467644355692,0.004975124378109453,296,256,32
mp_e_form,3,target_property,0.7372022692503525,0.007830043701536641,161.08126514452118,0.004975124378109453,296,256,32
mp_e_form,4,composition_stoichiometry,0.32373851879168264,0.019066579573654634,68.02117274878105,0.004975124378109453,306,256,32
mp_e_form,4,electronic_chemistry,0.4840295197648381,0.014721029444523283,116.13137144432184,0.004975124378109453,306,256,32
mp_e_form,4,size_mass,0.38002208420474065,0.014347662761754485,90.29041170462907,0.004975124378109453,306,256,32
mp_e_form,4,structure_geometry_density,0.1348453563308244,0.01824155172434776,19.435840818491094,0.004975124378109453,306,256,32
mp_e_form,4,symmetry,0.08355774661406662,0.01910234843204085,14.432152842049696,0.004975124378109453,306,256,32
mp_e_form,4,target_property,0.7883064957786892,0.008422240001595518,165.91716422144071,0.004975124378109453,306,256,32
