expert_task,outer_fold,probe_metric,probe_score,probe_spearman,n_samples,probe_cv_folds,probe_seed,preprocessing
steels,0,r2,0.6811363869420657,0.823518117729115,63,4,20260908,imputation_and_standardization_fit_on_probe_training_fold
steels,1,r2,0.8494069960125352,0.8969696975510497,63,4,20260909,imputation_and_standardization_fit_on_probe_training_fold
steels,2,r2,0.4426113983259692,0.8748677917656941,62,4,20260910,imputation_and_standardization_fit_on_probe_training_fold
steels,3,r2,0.8714471167062621,0.8222658709173781,62,4,20260911,imputation_and_standardization_fit_on_probe_training_fold
steels,4,r2,0.7778418920597092,0.7390581719794936,62,4,20260912,imputation_and_standardization_fit_on_probe_training_fold
expt_gap,0,r2,0.7447068159930142,0.852554747866073,306,4,20260908,imputation_and_standardization_fit_on_probe_training_fold
expt_gap,1,r2,0.6800254498310936,0.7891949846456762,291,4,20260909,imputation_and_standardization_fit_on_probe_training_fold
expt_gap,2,r2,0.7247443271199778,0.7669083285044089,283,4,20260910,imputation_and_standardization_fit_on_probe_training_fold
expt_gap,3,r2,0.7682686265857193,0.8323781296219889,296,4,20260911,imputation_and_standardization_fit_on_probe_training_fold
expt_gap,4,r2,0.7267622269031542,0.7478545638343393,324,4,20260912,imputation_and_standardization_fit_on_probe_training_fold
glass,0,roc_auc,0.8969890754063415,,274,4,20260908,imputation_and_standardization_fit_on_probe_training_fold
glass,1,roc_auc,0.9051535087719299,,308,4,20260909,imputation_and_standardization_fit_on_probe_training_fold
glass,2,roc_auc,0.8938451465051563,,313,4,20260910,imputation_and_standardization_fit_on_probe_training_fold
glass,3,roc_auc,0.9175118323191345,,298,4,20260911,imputation_and_standardization_fit_on_probe_training_fold
glass,4,roc_auc,0.9332936271590233,,307,4,20260912,imputation_and_standardization_fit_on_probe_training_fold
expt_is_metal,0,roc_auc,0.9720316838151233,,313,4,20260908,imputation_and_standardization_fit_on_probe_training_fold
expt_is_metal,1,roc_auc,0.9817546922741162,,303,4,20260909,imputation_and_standardization_fit_on_probe_training_fold
expt_is_metal,2,roc_auc,0.9698757763975155,,278,4,20260910,imputation_and_standardization_fit_on_probe_training_fold
expt_is_metal,3,roc_auc,0.980383246231917,,325,4,20260911,imputation_and_standardization_fit_on_probe_training_fold
expt_is_metal,4,roc_auc,0.9740365111561867,,281,4,20260912,imputation_and_standardization_fit_on_probe_training_fold
jdft2d,0,r2,0.6894302851657925,0.7816562900567661,128,4,20260908,imputation_and_standardization_fit_on_probe_training_fold
jdft2d,1,r2,0.6112793419857503,0.7877765279340081,127,4,20260909,imputation_and_standardization_fit_on_probe_training_fold
jdft2d,2,r2,0.7233871959361715,0.7467660292463442,127,4,20260910,imputation_and_standardization_fit_on_probe_training_fold
jdft2d,3,r2,0.7176834751024208,0.8936714941882264,127,4,20260911,imputation_and_standardization_fit_on_probe_training_fold
jdft2d,4,r2,0.013507619264104154,0.4131221878515185,127,4,20260912,imputation_and_standardization_fit_on_probe_training_fold
dielectric,0,r2,0.7620115907340155,0.9646684671888527,285,4,20260908,imputation_and_standardization_fit_on_probe_training_fold
dielectric,1,r2,0.494279512466412,0.8967431142797456,302,4,20260909,imputation_and_standardization_fit_on_probe_training_fold
dielectric,2,r2,0.05574071776758038,0.9276489561174808,309,4,20260910,imputation_and_standardization_fit_on_probe_training_fold
dielectric,3,r2,0.14135174099795833,0.9651159901446202,290,4,20260911,imputation_and_standardization_fit_on_probe_training_fold
dielectric,4,r2,0.19010312549033237,0.9190826900515363,314,4,20260912,imputation_and_standardization_fit_on_probe_training_fold
log_kvrh,0,r2,0.9807309320707123,0.9946804216284686,304,4,20260908,imputation_and_standardization_fit_on_probe_training_fold
log_kvrh,1,r2,0.9285654397739146,0.9730509160647809,298,4,20260909,imputation_and_standardization_fit_on_probe_training_fold
log_kvrh,2,r2,0.9723689109420219,0.9892733317511488,277,4,20260910,imputation_and_standardization_fit_on_probe_training_fold
log_kvrh,3,r2,0.9366787000082492,0.9891718965644916,322,4,20260911,imputation_and_standardization_fit_on_probe_training_fold
log_kvrh,4,r2,0.9771907257696224,0.991965525660039,299,4,20260912,imputation_and_standardization_fit_on_probe_training_fold
log_gvrh,0,r2,0.9816075224665136,0.993915848711795,293,4,20260908,imputation_and_standardization_fit_on_probe_training_fold
log_gvrh,1,r2,0.9687393312930549,0.9914932865447587,299,4,20260909,imputation_and_standardization_fit_on_probe_training_fold
log_gvrh,2,r2,0.9255835058181726,0.9903170589523419,274,4,20260910,imputation_and_standardization_fit_on_probe_training_fold
log_gvrh,3,r2,0.9612442775079,0.991430663605729,320,4,20260911,imputation_and_standardization_fit_on_probe_training_fold
log_gvrh,4,r2,0.9721619356653937,0.9887921127400042,314,4,20260912,imputation_and_standardization_fit_on_probe_training_fold
perovskites,0,r2,0.9905523998000344,0.9935609594001711,290,4,20260908,imputation_and_standardization_fit_on_probe_training_fold
perovskites,1,r2,0.9916676686190752,0.9968546260020823,279,4,20260909,imputation_and_standardization_fit_on_probe_training_fold
perovskites,2,r2,0.9889088601783157,0.9947592877995777,302,4,20260910,imputation_and_standardization_fit_on_probe_training_fold
perovskites,3,r2,0.9919259585569811,0.9962740207808795,313,4,20260911,imputation_and_standardization_fit_on_probe_training_fold
perovskites,4,r2,0.9859701987794671,0.994302736785649,316,4,20260912,imputation_and_standardization_fit_on_probe_training_fold
phonons,0,r2,0.6043704396615545,0.9729747153771398,253,4,20260908,imputation_and_standardization_fit_on_probe_training_fold
phonons,1,r2,0.9878833322003914,0.9882568796040202,253,4,20260909,imputation_and_standardization_fit_on_probe_training_fold
phonons,2,r2,0.9847141396390318,0.9895395842657511,253,4,20260910,imputation_and_standardization_fit_on_probe_training_fold
phonons,3,r2,0.984737401406991,0.9906837355382773,253,4,20260911,imputation_and_standardization_fit_on_probe_training_fold
phonons,4,r2,0.9723515360393234,0.9904667972021267,253,4,20260912,imputation_and_standardization_fit_on_probe_training_fold
mp_gap,0,r2,0.937802222155494,0.8636368083197826,322,4,20260908,imputation_and_standardization_fit_on_probe_training_fold
mp_gap,1,r2,0.9611768380823956,0.8933603171054199,281,4,20260909,imputation_and_standardization_fit_on_probe_training_fold
mp_gap,2,r2,0.9540021096869358,0.876813347932525,296,4,20260910,imputation_and_standardization_fit_on_probe_training_fold
mp_gap,3,r2,0.9794631376633993,0.9435143298999268,295,4,20260911,imputation_and_standardization_fit_on_probe_training_fold
mp_gap,4,r2,0.9425685392864749,0.8866170657050965,306,4,20260912,imputation_and_standardization_fit_on_probe_training_fold
mp_is_metal,0,roc_auc,0.9782386072708653,,250,4,20260908,imputation_and_standardization_fit_on_probe_training_fold
mp_is_metal,1,roc_auc,0.9886673835718421,,311,4,20260909,imputation_and_standardization_fit_on_probe_training_fold
mp_is_metal,2,roc_auc,0.9714074074074074,,285,4,20260910,imputation_and_standardization_fit_on_probe_training_fold
mp_is_metal,3,roc_auc,0.9861350574712643,,334,4,20260911,imputation_and_standardization_fit_on_probe_training_fold
mp_is_metal,4,roc_auc,0.9685907313025958,,320,4,20260912,imputation_and_standardization_fit_on_probe_training_fold
mp_e_form,0,r2,0.9973097142789625,0.9986446399589339,293,4,20260908,imputation_and_standardization_fit_on_probe_training_fold
mp_e_form,1,r2,0.9956332835834979,0.9987703700854865,323,4,20260909,imputation_and_standardization_fit_on_probe_training_fold
mp_e_form,2,r2,0.9980097883169862,0.9988559445266872,282,4,20260910,imputation_and_standardization_fit_on_probe_training_fold
mp_e_form,3,r2,0.9974407503285903,0.999192566989177,296,4,20260911,imputation_and_standardization_fit_on_probe_training_fold
mp_e_form,4,r2,0.9983765597025268,0.9988474227732426,306,4,20260912,imputation_and_standardization_fit_on_probe_training_fold
