sample_id,composition,structure_json
bandgapDS2-000000,Ag2MoO4,
bandgapDS2-000001,Ag2O,
bandgapDS2-000002,Ag2S,
bandgapDS2-000003,Ag2Se,
bandgapDS2-000004,Ag3AsS3,
bandgapDS2-000005,Ag3SbS3,
bandgapDS2-000006,AgI,
bandgapDS2-000007,Al2CdS4,
bandgapDS2-000008,Al2ZnS4,
bandgapDS2-000009,AlCuO2,
bandgapDS2-000010,AlCuSe2,
bandgapDS2-000011,As2S3,
bandgapDS2-000012,As2Se3,
bandgapDS2-000013,As3Rh,
bandgapDS2-000014,AsI3,
bandgapDS2-000015,B,
bandgapDS2-000016,Ba(CuS)2,
bandgapDS2-000017,BaAg2GeS4,
bandgapDS2-000018,BaAg2SnS4,
bandgapDS2-000019,BaBiBS4,
bandgapDS2-000020,BaCeO3,
bandgapDS2-000021,BaCu2GeS4,
bandgapDS2-000022,BaNbNO2,
bandgapDS2-000023,BaSe,
bandgapDS2-000024,BaTiO3,
bandgapDS2-000025,Bi,
bandgapDS2-000026,Bi2MoO6,
bandgapDS2-000027,Bi2O3,
bandgapDS2-000028,Bi2S3,
bandgapDS2-000029,Bi4B2O9,
bandgapDS2-000030,BiF3,
bandgapDS2-000031,BiI3,
bandgapDS2-000032,BiIO,
bandgapDS2-000033,BiSeBr,
bandgapDS2-000034,Ca2Pb,
bandgapDS2-000035,Ca2V2O7,
bandgapDS2-000036,CaH2,
bandgapDS2-000037,CaNbNO2,
bandgapDS2-000038,CaS,
bandgapDS2-000039,CaSe,
bandgapDS2-000040,CaTiO3,
bandgapDS2-000041,CaWO4,
bandgapDS2-000042,CaZrO3,
bandgapDS2-000043,Cd(GaTe2)2,
bandgapDS2-000044,Cd(InS2)2,
bandgapDS2-000045,Cd(InSe2)2,
bandgapDS2-000046,CdAs2,
bandgapDS2-000047,CdGeAs2,
bandgapDS2-000048,CdGeP2,
bandgapDS2-000049,CdP4,
bandgapDS2-000050,CdS,
bandgapDS2-000051,CdSb,
bandgapDS2-000052,CdSe,
bandgapDS2-000053,CdSiP2,
bandgapDS2-000054,CdSnAs2,
bandgapDS2-000055,CdSnP2,
bandgapDS2-000056,CdWO4,
bandgapDS2-000057,CeVO4,
bandgapDS2-000058,Co3O4,
bandgapDS2-000059,CoMoO4,
bandgapDS2-000060,CoO,
bandgapDS2-000061,Cs2Nb4O11,
bandgapDS2-000062,Cs2SnBr6,
bandgapDS2-000063,Cs2SnCl6,
bandgapDS2-000064,CsAuBr3,
bandgapDS2-000065,CsAuCl3,
bandgapDS2-000066,CsAuI3,
bandgapDS2-000067,CsK2Sb,
bandgapDS2-000068,CsPbBr3,
bandgapDS2-000069,CsPbI3,
bandgapDS2-000070,CsSnBr3,
bandgapDS2-000071,CsSnCl3,
bandgapDS2-000072,CsSnI3,
bandgapDS2-000073,CsYZnSe3,
bandgapDS2-000074,Cu(BiO2)2,
bandgapDS2-000075,Cu2GeSe3,
bandgapDS2-000076,Cu2S,
bandgapDS2-000077,Cu2Se,
bandgapDS2-000078,Cu2SnS3,
bandgapDS2-000079,Cu2SnSe3,
bandgapDS2-000080,Cu2Te,
bandgapDS2-000081,Cu3AsS4,
bandgapDS2-000082,Cu3AsSe4,
bandgapDS2-000083,Cu3PS4,
bandgapDS2-000084,Cu3PSe4,
bandgapDS2-000085,Cu3SbS4,
bandgapDS2-000086,CuBr,
bandgapDS2-000087,CuCl,
bandgapDS2-000088,CuI,
bandgapDS2-000089,CuO,
bandgapDS2-000090,CuWO4,
bandgapDS2-000091,ErFeO3,
bandgapDS2-000092,EuVO4,
bandgapDS2-000093,Fe2NiO4,
bandgapDS2-000094,Fe3O4,
bandgapDS2-000095,FeAgO2,
bandgapDS2-000096,FeBiO3,
bandgapDS2-000097,FeCuO2,
bandgapDS2-000098,FeCuS2,
bandgapDS2-000099,FeF2,
bandgapDS2-000100,FeP2,
bandgapDS2-000101,FeS2,
bandgapDS2-000102,FeWO4,
bandgapDS2-000103,GaAgS2,
bandgapDS2-000104,GaAgSe2,
bandgapDS2-000105,GaCuS2,
bandgapDS2-000106,GaCuSe2,
bandgapDS2-000107,GaCuTe2,
bandgapDS2-000108,GaFeO3,
bandgapDS2-000109,GaN,
bandgapDS2-000110,GaS,
bandgapDS2-000111,GaSe,
bandgapDS2-000112,GaTe,
bandgapDS2-000113,Ge,
bandgapDS2-000114,GeAs,
bandgapDS2-000115,GeAs2,
bandgapDS2-000116,GeSe,
bandgapDS2-000117,HfBrN,
bandgapDS2-000118,HgI2,
bandgapDS2-000119,HgO,
bandgapDS2-000120,HoFeO3,
bandgapDS2-000121,In2HgTe4,
bandgapDS2-000122,In2Se3,
bandgapDS2-000123,In6S7,
bandgapDS2-000124,In6Se7,
bandgapDS2-000125,InAgS2,
bandgapDS2-000126,InAgSe2,
bandgapDS2-000127,InAs,
bandgapDS2-000128,InCuSe2,
bandgapDS2-000129,InCuTe2,
bandgapDS2-000130,InS,
bandgapDS2-000131,InSb,
bandgapDS2-000132,InSe,
bandgapDS2-000133,InTe,
bandgapDS2-000134,K2TeBr6,
bandgapDS2-000135,K3Sb,
bandgapDS2-000136,KNa2Sb,
bandgapDS2-000137,KNbO3,
bandgapDS2-000138,La2Ti2O7,
bandgapDS2-000139,LaCoO3,
bandgapDS2-000140,LaCuO2,
bandgapDS2-000141,LaFeO3,
bandgapDS2-000142,LaNiO3,
bandgapDS2-000143,LaZnPO,
bandgapDS2-000144,LiAsSe2,
bandgapDS2-000145,LiH,
bandgapDS2-000146,LiNbO3,
bandgapDS2-000147,LiZnAs,
bandgapDS2-000148,LiZnP,
bandgapDS2-000149,Mg2Pb,
bandgapDS2-000150,Mg2Sn,
bandgapDS2-000151,MgSiP2,
bandgapDS2-000152,Mn2ZnO4,
bandgapDS2-000153,MnTe,
bandgapDS2-000154,MoS2,
bandgapDS2-000155,Na2Ti6O13,
bandgapDS2-000156,Na3Sb,
bandgapDS2-000157,NaAsS2,
bandgapDS2-000158,NaNbO3,
bandgapDS2-000159,NaTaO3,
bandgapDS2-000160,NbAgO3,
bandgapDS2-000161,NbInO4,
bandgapDS2-000162,NiWO4,
bandgapDS2-000163,P,
bandgapDS2-000164,PbBr2,
bandgapDS2-000165,PbCl2,
bandgapDS2-000166,PbI2,
bandgapDS2-000167,PbS,
bandgapDS2-000168,PbSe,
bandgapDS2-000169,PbWO4,
bandgapDS2-000170,PrFeO3,
bandgapDS2-000171,RbAu,
bandgapDS2-000172,ReS2,
bandgapDS2-000173,ReSe2,
bandgapDS2-000174,Sb2O3,
bandgapDS2-000175,Sb2Pt,
bandgapDS2-000176,Sb2S3,
bandgapDS2-000177,Sb2Se3,
bandgapDS2-000178,Sb2Te3,
bandgapDS2-000179,Sb3Ir,
bandgapDS2-000180,Sb3Rh,
bandgapDS2-000181,SbF3,
bandgapDS2-000182,SbI3,
bandgapDS2-000183,SbSI,
bandgapDS2-000184,SbSeI,
bandgapDS2-000185,Si,
bandgapDS2-000186,SiAs,
bandgapDS2-000187,SiBi2O5,
bandgapDS2-000188,SiC,
bandgapDS2-000189,Sm2Ti2O7,
bandgapDS2-000190,Sm2Ti2S2O5,
bandgapDS2-000191,SmCrO3,
bandgapDS2-000192,SmVO4,
bandgapDS2-000193,Sn,
bandgapDS2-000194,SnBr2,
bandgapDS2-000195,SnS,
bandgapDS2-000196,SnSe,
bandgapDS2-000197,SnWO4,
bandgapDS2-000198,Sr(CuO)2,
bandgapDS2-000199,Sr2Bi2O5,
bandgapDS2-000200,Sr2PbO4,
bandgapDS2-000201,Sr3BiN,
bandgapDS2-000202,Sr3SbN,
bandgapDS2-000203,SrMoO4,
bandgapDS2-000204,SrNbNO2,
bandgapDS2-000205,SrTiO3,
bandgapDS2-000206,SrZrS3,
bandgapDS2-000207,TaAgO3,
bandgapDS2-000208,TaCuN2,
bandgapDS2-000209,TaInO4,
bandgapDS2-000210,TaNO,
bandgapDS2-000211,TbFeO3,
bandgapDS2-000212,Te,
bandgapDS2-000213,Te2Mo,
bandgapDS2-000214,Te3As2,
bandgapDS2-000215,TePb,
bandgapDS2-000216,TlBr,
bandgapDS2-000217,TlCl,
bandgapDS2-000218,TlI,
bandgapDS2-000219,TlInSe2,
bandgapDS2-000220,TlSe,
bandgapDS2-000221,V2Cu3O8,
bandgapDS2-000222,VAgO3,
bandgapDS2-000223,VBiO4,
bandgapDS2-000224,VInO4,
bandgapDS2-000225,VO2,
bandgapDS2-000226,WO3,
bandgapDS2-000227,WS2,
bandgapDS2-000228,WSe2,
bandgapDS2-000229,YNiSb,
bandgapDS2-000230,Zn(FeO2)2,
bandgapDS2-000231,Zn(GaS2)2,
bandgapDS2-000232,Zn(InS2)2,
bandgapDS2-000233,Zn(InSe2)2,
bandgapDS2-000234,Zn3As2,
bandgapDS2-000235,ZnAs2,
bandgapDS2-000236,ZnCu2SiS4,
bandgapDS2-000237,ZnCu2SnS4,
bandgapDS2-000238,ZnGeAs2,
bandgapDS2-000239,ZnGeN2,
bandgapDS2-000240,ZnGeP2,
bandgapDS2-000241,ZnMoO4,
bandgapDS2-000242,ZnP2,
bandgapDS2-000243,ZnS,
bandgapDS2-000244,ZnSnAs2,
bandgapDS2-000245,ZnSnSb2,
bandgapDS2-000246,ZnTe,
bandgapDS2-000247,ZnWO4,
