target_task,source_expert_task,is_self_expert,availability_fraction_sample,mean_effective_exposure,active_exposure_fraction,spearman_exposure_vs_local_gain,mean_exposure_beneficial_samples,mean_exposure_harmful_samples,beneficial_minus_harmful_exposure,data_attention_mean,relation_attention_mean,learned_relation_parameter,descriptor_similarity_analysis
steels,steels,True,1.0,0.0,0.0,0.0,,,,0.0,0.0,0.0,0.9999999999999999
steels,expt_gap,False,0.0,0.0,0.0,0.0,,,,0.0,0.0,0.0,-0.2554588370621194
steels,glass,False,1.0,0.0,0.0,0.0,,,,1.0,1.0,0.0,0.4153352693212088
steels,expt_is_metal,False,0.0,0.0,0.0,0.0,,,,0.0,0.0,0.0,-0.2554588370621194
steels,jdft2d,False,0.0,0.0,0.0,0.0,,,,0.0,0.0,0.0,-0.5596579363216816
steels,dielectric,False,0.0,0.0,0.0,0.0,,,,0.0,0.0,0.0,-0.22067248493434954
steels,log_kvrh,False,0.0,0.0,0.0,0.0,,,,0.0,0.0,0.0,0.7243389810368955
steels,log_gvrh,False,0.0,0.0,0.0,0.0,,,,0.0,0.0,0.0,0.7243389810368955
steels,perovskites,False,0.0,0.0,0.0,0.0,,,,0.0,0.0,0.0,0.20472599608461006
steels,phonons,False,0.0,0.0,0.0,0.0,,,,0.0,0.0,0.0,0.141621615324729
steels,mp_gap,False,0.0,0.0,0.0,0.0,,,,0.0,0.0,0.0,-0.3150488802105956
steels,mp_is_metal,False,0.0,0.0,0.0,0.0,,,,0.0,0.0,0.0,-0.2954374171583223
steels,mp_e_form,False,0.0,0.0,0.0,0.0,,,,0.0,0.0,0.0,0.17375665687018652
expt_gap,steels,False,0.0,0.0,0.0,0.0,0.0,0.0,0.0,0.0,0.0,0.0,-0.2554588370621194
expt_gap,expt_gap,True,1.0,0.0,0.0,0.0,0.0,0.0,0.0,0.0,0.0,0.0,1.0000000000000002
expt_gap,glass,False,1.0,0.20849748123916317,0.6383579496090356,0.05862598365844714,0.28715169885903447,0.3885359302212765,-0.10138423136224206,0.2669343724652646,0.30726581444230733,-0.003760010443122763,0.31828619402371405
expt_gap,expt_is_metal,False,1.0,0.42986046855654786,0.6383579496090356,0.2634204435104868,0.7128483014648929,0.6114640700217336,0.10138423144315922,0.7330654485654458,0.6927339369892349,0.0037703440300530786,1.0000000000000002
expt_gap,jdft2d,False,0.0,0.0,0.0,0.0,0.0,0.0,0.0,0.0,0.0,0.0,-0.2757897630517979
expt_gap,dielectric,False,0.0,0.0,0.0,0.0,0.0,0.0,0.0,0.0,0.0,0.0,0.967397624520724
expt_gap,log_kvrh,False,0.0,0.0,0.0,0.0,0.0,0.0,0.0,0.0,0.0,0.0,-0.5000000000000002
expt_gap,log_gvrh,False,0.0,0.0,0.0,0.0,0.0,0.0,0.0,0.0,0.0,0.0,-0.5000000000000002
expt_gap,perovskites,False,0.0,0.0,0.0,0.0,0.0,0.0,0.0,0.0,0.0,0.0,0.2093617628744953
expt_gap,phonons,False,0.0,0.0,0.0,0.0,0.0,0.0,0.0,0.0,0.0,0.0,-0.2946944347394307
expt_gap,mp_gap,False,0.0,0.0,0.0,0.0,0.0,0.0,0.0,0.0,0.0,0.0,0.9746028857953627
expt_gap,mp_is_metal,False,0.0,0.0,0.0,0.0,0.0,0.0,0.0,0.0,0.0,0.0,0.9774313960779043
expt_gap,mp_e_form,False,0.0,0.0,0.0,0.0,0.0,0.0,0.0,0.0,0.0,0.0,0.17769116130462775
glass,steels,False,0.0,0.0,0.0,0.0,,,,0.0,0.0,0.0,0.4153352693212088
glass,expt_gap,False,1.0,0.0,0.0,0.0,,,,0.4571453900404379,0.44315784615530096,0.0071401769570490535,0.31828619402371405
glass,glass,True,1.0,0.0,0.0,0.0,,,,0.0,0.0,0.0,1.0
glass,expt_is_metal,False,1.0,0.0,0.0,0.0,,,,0.5428544111654792,0.5568422183184557,-0.007143673115095701,0.31828619402371405
glass,jdft2d,False,0.0,0.0,0.0,0.0,,,,0.0,0.0,0.0,-0.4135636917483063
glass,dielectric,False,0.0,0.0,0.0,0.0,,,,0.0,0.0,0.0,0.17168258809168277
glass,log_kvrh,False,0.0,0.0,0.0,0.0,,,,0.0,0.0,0.0,-0.17634775614827394
glass,log_gvrh,False,0.0,0.0,0.0,0.0,,,,0.0,0.0,0.0,-0.17634775614827394
glass,perovskites,False,0.0,0.0,0.0,0.0,,,,0.0,0.0,0.0,0.6964878296567735
glass,phonons,False,0.0,0.0,0.0,0.0,,,,0.0,0.0,0.0,0.061426421123602304
glass,mp_gap,False,0.0,0.0,0.0,0.0,,,,0.0,0.0,0.0,0.17460591040315449
glass,mp_is_metal,False,0.0,0.0,0.0,0.0,,,,0.0,0.0,0.0,0.1597784013223863
glass,mp_e_form,False,0.0,0.0,0.0,0.0,,,,0.0,0.0,0.0,0.671130996768585
expt_is_metal,steels,False,0.0,0.0,0.0,0.0,0.0,0.0,0.0,0.0,0.0,0.0,-0.2554588370621194
expt_is_metal,expt_gap,False,1.0,0.7748680230212713,1.0,0.2792500317918927,0.8398019691298433,0.7343084238012588,0.10549354532858446,0.7781620750434998,0.7593272658194791,0.00787189042994677,1.0000000000000002
expt_is_metal,glass,False,1.0,0.22513197468116744,1.0,-0.27925003994843683,0.1601980293144101,0.2656915734378214,-0.1054935441234113,0.22183806138948511,0.2406729636359956,-0.007824626290337434,0.31828619402371405
expt_is_metal,expt_is_metal,True,1.0,0.0,0.0,0.0,0.0,0.0,0.0,0.0,0.0,0.0,1.0000000000000002
expt_is_metal,jdft2d,False,0.0,0.0,0.0,0.0,0.0,0.0,0.0,0.0,0.0,0.0,-0.2757897630517979
expt_is_metal,dielectric,False,0.0,0.0,0.0,0.0,0.0,0.0,0.0,0.0,0.0,0.0,0.967397624520724
expt_is_metal,log_kvrh,False,0.0,0.0,0.0,0.0,0.0,0.0,0.0,0.0,0.0,0.0,-0.5000000000000002
expt_is_metal,log_gvrh,False,0.0,0.0,0.0,0.0,0.0,0.0,0.0,0.0,0.0,0.0,-0.5000000000000002
expt_is_metal,perovskites,False,0.0,0.0,0.0,0.0,0.0,0.0,0.0,0.0,0.0,0.0,0.2093617628744953
expt_is_metal,phonons,False,0.0,0.0,0.0,0.0,0.0,0.0,0.0,0.0,0.0,0.0,-0.2946944347394307
expt_is_metal,mp_gap,False,0.0,0.0,0.0,0.0,0.0,0.0,0.0,0.0,0.0,0.0,0.9746028857953627
expt_is_metal,mp_is_metal,False,0.0,0.0,0.0,0.0,0.0,0.0,0.0,0.0,0.0,0.0,0.9774313960779043
expt_is_metal,mp_e_form,False,0.0,0.0,0.0,0.0,0.0,0.0,0.0,0.0,0.0,0.0,0.17769116130462775
jdft2d,steels,False,0.0,0.0,0.0,0.0,0.0,0.0,0.0,0.0,0.0,0.0,-0.5596579363216816
jdft2d,expt_gap,False,1.0,0.05490826427539815,0.7389937106918238,-0.016300998810112252,0.07069042955155748,0.07779441736351221,-0.007103987811954732,0.07890373505886246,0.06994423776302698,0.0007248310667888446,-0.2757897630517979
jdft2d,glass,False,0.0,0.0,0.0,0.0,0.0,0.0,0.0,0.0,0.0,0.0,-0.4135636917483063
jdft2d,expt_is_metal,False,1.0,0.04415143265627503,0.7342767295597484,0.05145232244625792,0.05918987220141433,0.05984143151795934,-0.0006515593165450154,0.06396012786049513,0.05748223508678892,0.0005365857849202613,-0.2757897630517979
jdft2d,jdft2d,True,1.0,0.0,0.0,0.0,0.0,0.0,0.0,0.0,0.0,0.0,1.0
jdft2d,dielectric,False,1.0,0.05767822167852684,0.7421383647798742,0.06419363978459157,0.07960754019349395,0.07553717497072648,0.004070365222767464,0.06336051075713439,0.06907938111503169,-0.0016095202891617164,-0.20340958093026312
jdft2d,log_kvrh,False,1.0,0.025005079056056458,0.7091194968553459,0.053554776611031425,0.0337975215050051,0.03357286456112154,0.00022465694388355828,0.03389127974240285,0.03502137518528872,0.002539659225068483,-0.36414959004897596
jdft2d,log_gvrh,False,0.20125786163522014,0.0,0.0,0.0,0.0,0.0,0.0,0.007891744937536851,0.00800664095008898,0.0008879430421206931,-0.36414959004897596
jdft2d,perovskites,False,1.0,0.07966636302575351,0.7075471698113207,0.017442533260125837,0.1039373125262572,0.11128614984126106,-0.007348837315003867,0.08974801669330718,0.12346093309750347,-0.002811685809194805,-0.06519986888319554
jdft2d,phonons,False,1.0,0.08667176538565206,0.7421383647798742,0.04686149040348503,0.12081215235365679,0.11213592803561438,0.008676224318042408,0.10096844937066612,0.12082593246076093,0.004084774952845888,-0.606730387200443
jdft2d,mp_gap,False,1.0,0.28777734104465985,0.7421383647798742,0.07167437010783234,0.3947546122388324,0.3796962192145162,0.015058393024316219,0.4113146703948015,0.36825159060880075,-0.008192080621260218,-0.20108769896056153
jdft2d,mp_is_metal,False,0.0,0.0,0.0,0.0,0.0,0.0,0.0,0.0,0.0,0.0,-0.19624294071274118
jdft2d,mp_e_form,False,1.0,0.1062798969104863,0.7421383647798742,-0.0022940893668782244,0.13721055735059523,0.15013581472771084,-0.012925257377115612,0.14996148805198428,0.14792765011577486,-2.7436790812060675e-05,-0.022134778117453114
dielectric,steels,False,0.0,0.0,0.0,0.0,0.0,0.0,0.0,0.0,0.0,0.0,-0.22067248493434954
dielectric,expt_gap,False,1.0,0.02513839153199859,0.38392107472712006,0.04216219134601362,0.06237768679866986,0.06662405022243728,-0.00424636342376742,0.07342175572585098,0.06098349088385363,-0.0042662669477328795,0.967397624520724
dielectric,glass,False,0.0,0.0,0.0,0.0,0.0,0.0,0.0,0.0,0.0,0.0,0.17168258809168277
dielectric,expt_is_metal,False,1.0,0.0185327125836484,0.3178001679261125,0.03953113837836423,0.04546916570766578,0.04969325040339604,-0.004224084695730261,0.05196037580744746,0.04142319265280723,-0.010241984257363515,0.967397624520724
dielectric,jdft2d,False,1.0,0.008867906347288379,0.33459277917716207,0.04796299288004104,0.023364334453128188,0.02198824781183661,0.0013760866412915775,0.012808530196534997,0.02025460836569068,-8.864838966727454e-05,-0.20340958093026312
dielectric,dielectric,True,1.0,0.0,0.0,0.0,0.0,0.0,0.0,0.0,0.0,0.0,1.0
dielectric,log_kvrh,False,1.0,0.006108601388447035,0.3316540722082284,0.030150543385045903,0.015600498251332499,0.015696464463927074,-9.596621259457504e-05,0.015622774759928385,0.012976485475785185,-0.0038846115274771688,-0.35425828503575807
dielectric,log_gvrh,False,0.19,0.002466256299715376,0.1528127623845508,-0.010091978152344154,0.006034184508525271,0.00663152749260146,-0.0005973429840761893,0.0030874823643118267,0.0020832444918846304,0.00021495883256849983,-0.35425828503575807
dielectric,perovskites,False,1.0,0.04471109474738048,0.39021830394626367,0.05063557590462586,0.11427695777078191,0.11478663268312991,-0.0005096749123480043,0.07967021022895922,0.12212377431310595,0.003447053344310986,0.1990690407173758
dielectric,phonons,False,1.0,0.04468751969367243,0.39021830394626367,0.057674089750812306,0.11761451578343576,0.1109421799464641,0.00667233583697166,0.14299447470407942,0.14911810637120937,0.0007369372091794244,-0.39241890295622384
dielectric,mp_gap,False,1.0,0.16365082916608364,0.3904282115869018,0.061097525412504634,0.42462006089746296,0.41307373916785084,0.011546321729612119,0.4595372082304294,0.37981236071070135,0.002281063256386572,0.9887023752501933
dielectric,mp_is_metal,False,0.19,0.0164886914421556,0.19689336691855583,-0.02258386703448756,0.03924559060864976,0.04555846276585513,-0.006312872157205371,0.011103401055964576,0.022412307316470207,-0.00048636950152551427,0.9951990015225995
dielectric,mp_e_form,False,1.0,0.059776208628284755,0.3904282115869018,0.04328159012427451,0.15139700589784463,0.15500544559688734,-0.0036084396990427037,0.14979390833780207,0.18881227027258884,0.006081769490435136,0.1689554412382047
log_kvrh,steels,False,0.0,0.0,0.0,0.0,0.0,0.0,0.0,0.0,0.0,0.0,0.7243389810368955
log_kvrh,expt_gap,False,1.0,0.07607273435638261,0.9836170019113498,-0.004760814719733066,0.07722402961806876,0.07740859818628391,-0.00018456856821515155,0.08202191307100508,0.06882962610264368,-0.00264285620592804,-0.5000000000000002
log_kvrh,glass,False,0.0,0.0,0.0,0.0,0.0,0.0,0.0,0.0,0.0,0.0,-0.17634775614827394
log_kvrh,expt_is_metal,False,1.0,0.11449090391687658,0.9369254573586966,-0.002735503450656217,0.11540541391906327,0.11728465289600504,-0.0018792389769417689,0.11737782724932022,0.11186619209420792,-0.001092537569581835,-0.5000000000000002
log_kvrh,jdft2d,False,1.0,0.0297103324555839,0.8936925457358696,0.002331161156622853,0.030249576341016646,0.030146281472849038,0.00010329486816760755,0.032124441661923256,0.028222035176870962,0.0023226089137318336,-0.36414959004897596
log_kvrh,dielectric,False,0.20266666666666666,0.004857411342170518,0.19404751069445708,-0.021883209647345345,0.004760569862662055,0.005105784094248271,-0.0003452142315862163,0.004649245186716581,0.005236779047423589,0.0003161439322496079,-0.35425828503575807
log_kvrh,log_kvrh,True,1.0,0.0,0.0,0.0,0.0,0.0,0.0,0.0,0.0,0.0,1.0000000000000002
log_kvrh,log_gvrh,False,0.20266666666666666,0.0028501817581740967,0.16992809684172203,-0.027969501501277753,0.0026757736002909443,0.0031084794409416213,-0.0004327058406506769,0.004006298395373687,0.001148907428900126,0.0006407956427998795,1.0000000000000002
log_kvrh,perovskites,False,1.0,0.17443825744804992,0.9770638026758897,0.00477072013090018,0.17779764794206787,0.17681277746007812,0.0009848704819897525,0.1674934012924365,0.18769767957746228,0.01152013925477418,0.051535203169106536
log_kvrh,phonons,False,1.0,0.1590728326381231,0.983890051879494,-0.0013226508855868927,0.16285113558143455,0.160553912434549,0.0022972231468855464,0.15993541906059433,0.1626592066525176,0.0062010904928273755,0.345069551788906
log_kvrh,mp_gap,False,1.0,0.22359981941550683,0.983890051879494,0.007900669722165542,0.2286609451970556,0.22592083988074238,0.0027401053163132183,0.23080471556495033,0.23788101336558262,-0.016677027805797256,-0.4107830345087893
log_kvrh,mp_is_metal,False,0.20266666666666666,0.020914253439380723,0.19996359333758076,-0.02675604100179182,0.019724219951304568,0.022723692133972254,-0.002999472182667686,0.01681356342385461,0.026944335537524462,0.0005142826411560151,-0.4116898543262912
log_kvrh,mp_e_form,False,1.0,0.17788332530290982,0.983890051879494,0.005595310956751976,0.1806506885677201,0.18093498182971826,-0.0002842932619981642,0.18477314176253043,0.16951436103285417,0.009470950283145693,0.04373936278267759
log_gvrh,steels,False,0.0,0.0,0.0,0.0,0.0,0.0,0.0,0.0,0.0,0.0,0.7243389810368955
log_gvrh,expt_gap,False,1.0,0.050709509810030286,0.7739146263766269,-0.009445502878816936,0.06306101530195737,0.0676530782341261,-0.004592062932168725,0.07316082858666066,0.051988845593265054,-0.002205045480402854,-0.5000000000000002
log_gvrh,glass,False,0.0,0.0,0.0,0.0,0.0,0.0,0.0,0.0,0.0,0.0,-0.17634775614827394
log_gvrh,expt_is_metal,False,1.0,0.07962702393658741,0.7335032310912897,0.05783728787507092,0.10645313695258926,0.0984795802217502,0.007973556730839063,0.09210842539140718,0.09077536872078401,-0.0015369585919641176,-0.5000000000000002
log_gvrh,jdft2d,False,1.0,0.019634312596877555,0.610630745426413,-0.004455288188054925,0.025429410820087768,0.025138126699303327,0.00029128412078444077,0.027227161296713587,0.025123481615079896,0.0008590767674481536,-0.36414959004897596
log_gvrh,dielectric,False,0.19533333333333333,0.004357688969087756,0.18066806225539273,0.06716397297191606,0.006093128863807044,0.005110481286855974,0.00098264757695107,0.004709154022958418,0.004190536086548662,-1.1237115053946067e-05,-0.35425828503575807
log_gvrh,log_kvrh,False,0.19533333333333333,0.00559094243245366,0.1674706471284245,0.09859913733738504,0.008783328516035584,0.005549103111261643,0.0032342254047739412,0.007072670244699702,0.0038776583457607217,0.0004215663054283245,1.0000000000000002
log_gvrh,log_gvrh,True,1.0,0.0,0.0,0.0,0.0,0.0,0.0,0.0,0.0,0.0,1.0000000000000002
log_gvrh,perovskites,False,1.0,0.14246626928604902,0.7685446436697916,0.02383501615329053,0.18536028622605003,0.18152035780722078,0.0038399284188292415,0.15621140652687196,0.19423579362435436,0.0105857575557485,0.051535203169106536
log_gvrh,phonons,False,1.0,0.10709362547178565,0.7763720760899244,-0.010095423878534151,0.1357614881334193,0.14018218461061904,-0.004420696477199754,0.15600254152234957,0.15330295939457214,0.004291128597361259,0.345069551788906
log_gvrh,mp_gap,False,1.0,0.1666150804425678,0.7764630927459725,-0.03617235399987727,0.20612436148237487,0.22340650783359697,-0.017282146351222105,0.22503663220418166,0.21240821283551725,-0.015387959187864945,-0.4107830345087893
log_gvrh,mp_is_metal,False,0.8173333333333334,0.06335329937881191,0.5868753981978702,0.06401935142145392,0.08499731421504388,0.07803937713874859,0.006957937076295287,0.08040503278555054,0.09408085615519692,-0.000431633465580183,-0.4116898543262912
log_gvrh,mp_e_form,False,1.0,0.13701534019779463,0.7764630927459725,0.024839883912617447,0.17793652890872932,0.17492120307227418,0.0030153258364551405,0.1780660991576693,0.1700161525677363,0.007572598846232788,0.04373936278267759
perovskites,steels,False,0.0,0.0,0.0,0.0,0.0,0.0,0.0,0.0,0.0,0.0,0.20472599608461006
perovskites,expt_gap,False,1.0,0.10224313657576348,0.8834530853761623,0.02857358600522308,0.11528819491077548,0.11623721021311408,-0.0009490153023385961,0.12269397680777568,0.10309582611109781,-0.0027909908366533513,0.2093617628744953
perovskites,glass,False,0.0,0.0,0.0,0.0,0.0,0.0,0.0,0.0,0.0,0.0,0.6964878296567735
perovskites,expt_is_metal,False,1.0,0.07437021391961893,0.849270921386306,0.045067217087763387,0.08463638186147243,0.08355064030370153,0.0010857415577709,0.08432365491646181,0.08251324086902712,-0.003551842056406542,0.2093617628744953
perovskites,jdft2d,False,1.0,0.023367722867365912,0.8571956889264581,0.03948658457485844,0.02618006051833403,0.02678333414268139,-0.0006032736243473599,0.027492939166264926,0.025427091151904172,0.005544018943488378,-0.06519986888319554
perovskites,dielectric,False,0.19333333333333333,0.003443165380965951,0.13921174978867287,0.0049383358963603595,0.003926958028350505,0.003857286446426311,6.967158192419361e-05,0.003896026820926876,0.006018418532151442,0.0002728262495493911,0.1990690407173758
perovskites,log_kvrh,False,0.19333333333333333,0.004574308930007743,0.1374683009298394,0.004517625685887587,0.005138553335815709,0.005225300546897939,-8.674721108222969e-05,0.006284124450167659,0.006653096851210219,0.0007536194878694135,0.051535203169106536
perovskites,log_gvrh,False,0.0,0.0,0.0,0.0,0.0,0.0,0.0,0.0,0.0,0.0,0.051535203169106536
perovskites,perovskites,True,1.0,0.0,0.0,0.0,0.0,0.0,0.0,0.0,0.0,0.0,1.0
perovskites,phonons,False,1.0,0.3366350383763045,0.8836644125105664,0.053027996543512534,0.38163752582595356,0.3800747269489957,0.0015627988769578716,0.3874587754727619,0.3616467376734781,0.04085766924879012,-0.0030666335472032125
perovskites,mp_gap,False,1.0,0.13616442390535577,0.8836644125105664,0.026863446161919585,0.1536021007145082,0.15471827051777415,-0.001116169803265954,0.13414994640463201,0.1825095827259054,-0.030474806750071887,0.2288204933712783
perovskites,mp_is_metal,False,0.0,0.0,0.0,0.0,0.0,0.0,0.0,0.0,0.0,0.0,0.18432707502761309
perovskites,mp_e_form,False,1.0,0.202866402701416,0.8836644125105664,0.03642756534553639,0.22959022483825803,0.22955323121548768,3.6993622770348233e-05,0.23370064665277632,0.23213596618084814,0.001214216803950538,0.9985033665845889
phonons,steels,False,0.0,0.0,0.0,0.0,0.0,0.0,0.0,0.0,0.0,0.0,0.141621615324729
phonons,expt_gap,False,1.0,0.10121510567016173,0.9383399209486166,0.04804291090557055,0.11141894492163984,0.10370929419178264,0.007709650729857201,0.11450064964445213,0.10496368408203124,0.0063173617793497285,-0.2946944347394307
phonons,glass,False,0.0,0.0,0.0,0.0,0.0,0.0,0.0,0.0,0.0,0.0,0.061426421123602304
phonons,expt_is_metal,False,1.0,0.061154052312939675,0.8735177865612648,0.04613070637796674,0.06702434521807563,0.06300602419798956,0.004018321020086063,0.06906437251878822,0.06365648955695714,0.014087519182125278,-0.2946944347394307
phonons,jdft2d,False,1.0,0.033987655561016315,0.9241106719367589,-0.018969760849543084,0.035224762276524504,0.03738672107442404,-0.0021619587978995367,0.03128650386342889,0.04071965726467932,0.004196671742622429,-0.606730387200443
phonons,dielectric,False,0.2,0.0029118532273820475,0.18814229249011857,-0.034635314769445646,0.0028822090787394695,0.0033617559821664165,-0.00047954690342694693,0.0021825528427546204,0.003762249701579098,-0.00045993956963675956,-0.39241890295622384
phonons,log_kvrh,False,0.2,0.005796797637085779,0.18181818181818182,-0.040359857704101006,0.005696554787993094,0.00674068363180609,-0.0010441288438129961,0.007666474745678807,0.004132655675232175,0.0011840491206614344,0.345069551788906
phonons,log_gvrh,False,0.2,0.008008788586250988,0.19288537549407114,-0.036501501565564295,0.008235711210673473,0.008885306008732136,-0.0006495947980586624,0.007807042570453388,0.008668969648157655,0.001893639914714285,0.345069551788906
phonons,perovskites,False,1.0,0.13154781817878458,0.9383399209486166,0.02481327676115362,0.13989488584653365,0.14053978620544963,-0.0006449003589159841,0.11123713316182374,0.17154752407149365,0.008469366923871654,-0.0030666335472032125
phonons,phonons,True,1.0,0.0,0.0,0.0,0.0,0.0,0.0,0.0,0.0,0.0,0.9999999999999997
phonons,mp_gap,False,1.0,0.42676782712823774,0.9383399209486166,-0.009125661087743637,0.45301464051499263,0.45691395134849244,-0.003899310833499814,0.49229952243005803,0.4115598173480731,-0.0222886089177308,-0.30419067864618815
phonons,mp_is_metal,False,0.0,0.0,0.0,0.0,0.0,0.0,0.0,0.0,0.0,0.0,-0.3464470804269692
phonons,mp_e_form,False,1.0,0.1669500213865834,0.9383399209486166,-0.00984677265618054,0.1766079457542986,0.1794564749017859,-0.0028485291474872887,0.1639557186322721,0.1909889311658535,0.0048828608678437415,-0.0026027373328190856
mp_gap,steels,False,0.0,0.0,0.0,0.0,0.0,0.0,0.0,0.0,0.0,0.0,-0.3150488802105956
mp_gap,expt_gap,False,1.0,0.10725909047438364,0.8465974951231234,0.1254737557724654,0.11967260791553926,0.1424832938107015,-0.022810685895162233,0.15004524399991048,0.11409190694339406,-0.007919889284550358,0.9746028857953627
mp_gap,glass,False,0.0,0.0,0.0,0.0,0.0,0.0,0.0,0.0,0.0,0.0,0.17460591040315449
mp_gap,expt_is_metal,False,1.0,0.11643234953065486,0.8057825148662275,0.114755986559349,0.14215432168757114,0.12711500281118468,0.01503931887638646,0.1388219283150686,0.1349023557599711,-0.006172162764402025,0.9746028857953627
mp_gap,jdft2d,False,1.0,0.034751466686357854,0.825487923251628,0.1806771834830504,0.0431410481137886,0.03633715725863776,0.006803890855150839,0.043600022955150114,0.03909614459957339,0.00025943983377304456,-0.20108769896056153
mp_gap,dielectric,False,0.21466666666666667,0.0035563536953162125,0.18986363593527655,0.07640311234150077,0.004986716366914102,0.0024321355116027057,0.0025545808553113962,0.00308923059035901,0.004451012913139324,-0.0009457841410133433,0.9887023752501933
mp_gap,log_kvrh,False,0.402,0.017137847545779655,0.3426912819352954,0.055686116161966746,0.02137314171189466,0.017699498643263745,0.003673643068630914,0.02097197257434292,0.01441066653112425,-4.306079636778558e-05,-0.4107830345087893
mp_gap,log_gvrh,False,0.21466666666666667,0.004090229457628842,0.17766908861308228,0.07343299053604024,0.004595148330202898,0.005362509973184179,-0.0007673616429812805,0.0060566836400229,0.002427055542444287,-0.0006752976784622882,-0.4107830345087893
mp_gap,perovskites,False,1.0,0.1412078251424778,0.8461734189024908,0.1909081402203313,0.18002769894722406,0.1370091249509855,0.04301857399623857,0.1490384426014308,0.1882686082400071,0.003322390175313456,0.2288204933712783
mp_gap,phonons,False,1.0,0.19952761965892232,0.8465974951231234,0.13147343212888082,0.22315260568649575,0.2638541817748186,-0.040701576088322866,0.24227024455945548,0.23565266535954008,0.0010523835472565773,-0.30419067864618815
mp_gap,mp_gap,True,1.0,0.0,0.0,0.0,0.0,0.0,0.0,0.0,0.0,0.0,1.0
mp_gap,mp_is_metal,False,0.21466666666666667,0.02621122790995737,0.19093796236087943,0.07805854150333777,0.033325549180101034,0.025637695673483445,0.00768785350661759,0.019239894313358756,0.0358491678129977,0.00024345053903265405,0.9973625528171963
mp_gap,mp_e_form,False,1.0,0.1964423328370591,0.8466163429551515,0.13760028160250026,0.2275711620031112,0.2420693996569604,-0.014498237653849194,0.22686683082686618,0.23085028285368545,0.0101838341683453,0.2025294563726336
mp_is_metal,steels,False,0.0,0.0,0.0,0.0,0.0,0.0,0.0,0.0,0.0,0.0,-0.2954374171583223
mp_is_metal,expt_gap,False,1.0,0.07930049559091576,0.9811992875519493,-0.14764745146555253,0.06525867865089319,0.09221418131848755,-0.02695550266759436,0.08209691371168,0.07823161782814222,-0.0020752636911040116,0.9774313960779043
mp_is_metal,glass,False,0.0,0.0,0.0,0.0,0.0,0.0,0.0,0.0,0.0,0.0,0.1597784013223863
mp_is_metal,expt_is_metal,False,1.0,0.08788106762639741,0.9592321393231743,-0.13336453283284172,0.07892687926583926,0.0961158690717966,-0.017188989805957344,0.0891602630052986,0.0877053573913393,-0.007045814177928708,0.9774313960779043
mp_is_metal,jdft2d,False,1.0,0.03425920239004191,0.8937547708574821,-0.27838329465198053,0.023364450194731417,0.04427866116314474,-0.02091421096841332,0.039729083880693516,0.02577941128953112,-0.003262011487361692,-0.19624294071274118
mp_is_metal,dielectric,False,0.16666666666666666,0.0055736202124109365,0.19977759558206817,0.44150816174895197,0.011167873184059608,0.00042881416167135536,0.010739059022388253,0.004560819020484796,0.006465413211292148,-0.0005206910100888979,0.9951990015225995
mp_is_metal,log_kvrh,False,0.16666666666666666,0.0031830820206097273,0.17654764260740907,0.4137133534229948,0.006260409249483628,0.0003529898121499034,0.0059074194373337245,0.003525177298463666,0.0029077580865482138,-0.00010305938532837122,-0.4116898543262912
mp_is_metal,log_gvrh,False,0.16666666666666666,0.0033123802921615716,0.18099573096604563,0.41920558954208265,0.006534046066324625,0.0003495458167856835,0.006184500249538942,0.004354025494288076,0.0025140280373649434,-0.0006648943056183955,-0.4116898543262912
mp_is_metal,perovskites,False,1.0,0.10147788208110912,0.9753753074552599,-0.23829950627032762,0.07334824527556172,0.12734756054858762,-0.0539993152730259,0.09722520822620992,0.10801932044509745,-0.009022033903669157,0.18432707502761309
mp_is_metal,phonons,False,1.0,0.13081745682540105,0.9999905760839859,-0.24498975987023794,0.10724790803948277,0.1524934085246781,-0.045245500485195336,0.13130444451205614,0.13299514589179107,-0.006020283928058251,-0.3464470804269692
mp_is_metal,mp_gap,False,1.0,0.4198021056885348,1.0,0.4092468647346141,0.5197983979484502,0.327839598437326,0.19195879951112416,0.40841478578555407,0.42532032939678693,0.01969868702927768,0.9973625528171963
mp_is_metal,mp_is_metal,True,1.0,0.0,0.0,0.0,0.0,0.0,0.0,0.0,0.0,0.0,1.0000000000000002
mp_is_metal,mp_e_form,False,1.0,0.13439270690388536,1.0,-0.3295276365181461,0.108093111412089,0.1585793710937104,-0.050486259681621404,0.13962937109570103,0.130061746114328,-0.008845733931217849,0.1564435242225975
mp_e_form,steels,False,0.0,0.0,0.0,0.0,0.0,0.0,0.0,0.0,0.0,0.0,0.17375665687018652
mp_e_form,expt_gap,False,1.0,0.07825824926705505,0.9757593105941906,0.019133022764818285,0.08041309711890757,0.07941674703506589,0.0009963500838416767,0.08643716511215462,0.06977607365672928,-0.001790858065939202,0.17769116130462775
mp_e_form,glass,False,0.0,0.0,0.0,0.0,0.0,0.0,0.0,0.0,0.0,0.0,0.671130996768585
mp_e_form,expt_is_metal,False,1.0,0.09693681797148967,0.9155116307098952,0.01705320660174669,0.09844393667986033,0.10012894442929009,-0.0016850077494297566,0.097014740861955,0.10048998570289902,-0.0032873332514848676,0.17769116130462775
mp_e_form,jdft2d,False,1.0,0.02430214772188999,0.8202814270218152,0.06511634377609271,0.025354351092498627,0.024082710745036758,0.0012716403474618693,0.024674160761819972,0.02611850275538751,0.0010278407820768498,-0.022134778117453114
mp_e_form,dielectric,False,1.0,0.09447824075635551,0.9774542003133663,0.008750608218913863,0.09536879104800454,0.09846391586748515,-0.003095124819480613,0.10061398612256077,0.09460030599747908,0.0019175835086390493,0.1689554412382047
mp_e_form,log_kvrh,False,1.0,0.030000965834592257,0.8988188501868145,-0.003582426310423867,0.030542230447770883,0.030875751968695322,-0.0003335215209244388,0.03441220932126376,0.02570880854490422,0.00407607728155203,0.04373936278267759
mp_e_form,log_gvrh,False,0.19533333333333333,0.002399379180477889,0.1737224297939014,0.020494013924905703,0.002469093925628612,0.0024293828957704334,3.971102985817843e-05,0.003194137468415024,0.0011128041346819986,0.0002031918188091849,0.04373936278267759
mp_e_form,perovskites,False,1.0,0.12839892913735734,0.9727160419428709,0.06610538776235145,0.13169424666375867,0.13066282737061874,0.0010314192931399346,0.11742079193310176,0.14878670502904381,6.767757198865654e-05,0.9985033665845889
mp_e_form,phonons,False,1.0,0.1739944505570121,0.9779137037483427,-0.014988839625982442,0.17758587558745093,0.1783839783551891,-0.0007981027677381736,0.17321232058591868,0.1809804327188809,0.009392127736517866,-0.0026027373328190856
mp_e_form,mp_gap,False,1.0,0.32708871956529983,0.9780266963962878,-0.022838824374681405,0.3351461672962289,0.33336571432871087,0.0017804529675180536,0.34522866622301357,0.3228446314015043,-0.011475327141805278,0.2025294563726336
mp_e_form,mp_is_metal,False,0.19533333333333333,0.022168796130081173,0.19965800891888635,0.023961656382897337,0.022982209822080206,0.022190026779180142,0.0007921830429000638,0.01779097011897655,0.029581979138026168,0.0015259516560006856,0.1564435242225975
mp_e_form,mp_e_form,True,1.0,0.0,0.0,0.0,0.0,0.0,0.0,0.0,0.0,0.0,1.0
