task,task_display,anchor_retained_percent,stage2_correction_applied_percent,top_non_target_source_1,top_non_target_source_1_conditional_share_percent,top_non_target_source_2,top_non_target_source_2_conditional_share_percent,top_non_target_source_3,top_non_target_source_3_conditional_share_percent,full_gain_percent,full_minus_no_cross_expert_percentage_points
expt_is_metal,Experimental metallicity (expt_is_metal),2.2975612523623568e-07,99.99999977024387,expt_gap,77.4868024801578,glass,22.51319751984219,,0.0,17.523962074231214,17.523962074231214
glass,Glass formation ability (glass),100.0,0.0,,0.0,,0.0,,0.0,0.0,0.0
mp_is_metal,MP metallicity (mp_is_metal),3.685326488422902e-08,99.99999996314673,mp_gap,41.98021058432456,mp_e_form,13.43927069534134,phonons,13.081745687361149,26.29234749023852,26.3347478031807
dielectric,Refractive index (dielectric),60.957178817132586,39.04282118286742,mp_gap,41.91572847658254,mp_e_form,15.310422458537756,perovskites,11.451809421753648,10.977322831267749,2.859316678104845
expt_gap,Experimental band gap (expt_gap),36.16420502042891,63.83579497957109,expt_is_metal,67.33846875316786,glass,32.66153124683213,,0.0,24.641863500875942,23.758887762535053
jdft2d,2D exfoliation energy (jdft2d),25.786163596719213,74.21383640328078,mp_gap,38.77677734928927,mp_e_form,14.320765784557656,phonons,11.67865314422965,0.0531512648020302,-0.0256015677531273
log_gvrh,Shear modulus (log_gvrh),22.353690747795476,77.64630925220453,mp_gap,21.45820993260375,perovskites,18.348105744897865,mp_e_form,17.646085373195568,-0.0725963363527297,1.2115520878370944
log_kvrh,Bulk modulus (log_kvrh),1.6109947926842283,98.38900520731578,mp_gap,22.72609820013516,mp_e_form,18.079593845683394,perovskites,17.729446199856426,0.1071184583360377,0.919331333930368
mp_e_form,MP formation energy (mp_e_form),2.1973303878389694,97.80266961216103,mp_gap,33.44374145024654,phonons,17.790357998098777,perovskites,13.128366500273101,7.31184003111787,-0.2831459843853654
mp_gap,MP band gap (mp_gap),15.338365706146273,84.66163429385372,phonons,23.567655092314656,mp_e_form,23.203229476438356,perovskites,16.679080946200113,1.6429017123435596,0.05148346662682
perovskites,Perovskite formation energy (perovskites),11.633558734320204,88.3664412656798,phonons,38.095348591009575,mp_e_form,22.957403262567084,mp_gap,15.40906502005303,2.9917591783144,0.3308918785000165
phonons,Optical phonon frequency (phonons),6.1660080311558225,93.83399196884417,mp_gap,45.48115434222792,mp_e_form,17.792062117746845,perovskites,14.019207263660112,1.579511598819232,-0.1149868556026565
steels,Steel yield strength (steels),100.0,0.0,,0.0,,0.0,,0.0,0.0,0.0
