task,normalized_gain_percent,evidence_class,acceptance_fraction,certified_outer_fold_fraction,no_safety_gain_percent,no_cross_expert_gain_percent,cross_expert_increment_percent,diagnosis,interpretation_basis
steels,0.0,neutral_or_negative,0.0,0.0,-2.241319265202971,0.0,0.0,safe_anchor_fallback_after_oof_noncertification,"OOF safety certification, expert availability, anchor strength, task-internal recalibration, domain shift, and cross-expert increment."
expt_gap,24.641863500875942,multiplicity_robust,0.6383579496090356,1.0,24.13813129851526,0.8829757383408914,23.758887762535053,material_cross_expert_increment,"OOF safety certification, expert availability, anchor strength, task-internal recalibration, domain shift, and cross-expert increment."
glass,0.0,neutral_or_negative,0.0,0.0,-7.153936936605751,0.0,0.0,safe_anchor_fallback_after_oof_noncertification,"OOF safety certification, expert availability, anchor strength, task-internal recalibration, domain shift, and cross-expert increment."
expt_is_metal,17.523962074231214,multiplicity_robust,1.0,1.0,17.523962074231214,0.0,17.523962074231214,material_cross_expert_increment,"OOF safety certification, expert availability, anchor strength, task-internal recalibration, domain shift, and cross-expert increment."
jdft2d,0.0531512648020302,directional_not_significant,0.7421383647798742,0.8,0.3708696789316655,0.0787528325551576,-0.0256015677531273,gain_mainly_from_task_internal_stage2_recalibration,"OOF safety certification, expert availability, anchor strength, task-internal recalibration, domain shift, and cross-expert increment."
dielectric,10.977322831267749,nominal_fold_level,0.3904282115869018,1.0,10.390687785295375,8.118006153162904,2.859316678104845,material_cross_expert_increment,"OOF safety certification, expert availability, anchor strength, task-internal recalibration, domain shift, and cross-expert increment."
log_kvrh,0.1071184583360377,directional_not_significant,0.983890051879494,1.0,-1.221067381492714,-0.8122128755943303,0.919331333930368,material_cross_expert_increment,"OOF safety certification, expert availability, anchor strength, task-internal recalibration, domain shift, and cross-expert increment."
log_gvrh,-0.0725963363527297,neutral_or_negative,0.7764630927459725,0.8,-6.751596207794419,-1.2841484241898242,1.2115520878370944,accepted_but_fold_unstable_or_negative_transfer,"OOF safety certification, expert availability, anchor strength, task-internal recalibration, domain shift, and cross-expert increment."
perovskites,2.9917591783144,multiplicity_robust,0.8836644125105664,1.0,3.010492998971805,2.6608672998143836,0.3308918785000165,mostly_task_internal_gain_with_small_cross_expert_increment,"OOF safety certification, expert availability, anchor strength, task-internal recalibration, domain shift, and cross-expert increment."
phonons,1.579511598819232,directional_not_significant,0.9383399209486166,1.0,1.6950601111962054,1.6944984544218886,-0.1149868556026565,gain_mainly_from_task_internal_stage2_recalibration,"OOF safety certification, expert availability, anchor strength, task-internal recalibration, domain shift, and cross-expert increment."
mp_gap,1.6429017123435596,nominal_fold_level,0.8466163429551515,1.0,1.783645287200851,1.5914182457167396,0.05148346662682,mostly_task_internal_gain_with_small_cross_expert_increment,"OOF safety certification, expert availability, anchor strength, task-internal recalibration, domain shift, and cross-expert increment."
mp_is_metal,26.29234749023852,multiplicity_robust,1.0,1.0,26.29234749023852,-0.042400312942182,26.3347478031807,material_cross_expert_increment,"OOF safety certification, expert availability, anchor strength, task-internal recalibration, domain shift, and cross-expert increment."
mp_e_form,7.31184003111787,multiplicity_robust,0.9780266963962878,1.0,7.312182056510464,7.594986015503236,-0.2831459843853654,gain_mainly_from_task_internal_stage2_recalibration,"OOF safety certification, expert availability, anchor strength, task-internal recalibration, domain shift, and cross-expert increment."
