sample_id,bootstrap_cluster,target,stage1_outer_0,stage1_outer_1,stage1_outer_2,stage1_outer_3,stage1_outer_4,stage1_prediction,stage2_outer_0,stage2_outer_1,stage2_outer_2,stage2_outer_3,stage2_outer_4,stage2_prediction
rii-0005,rii-0005,2.664936674827074,2.6715073585510254,2.664980411529541,2.6505682468414307,2.683084487915039,2.702608108520508,2.6745497226715087,2.6448143432613684,2.664980411529541,2.6505682468414307,2.683084487915039,2.702608108520508,2.6692111196135775
rii-0007,rii-0007,1.743959457297592,1.8065950870513916,1.8095686435699463,1.81576406955719,1.8037810325622559,1.7873659133911133,1.8046149492263794,1.7952468242460546,1.8095686435699463,1.8065403626592171,1.8037810325622559,1.7873659133911133,1.8005005552857174
rii-0008,rii-0008,1.7427207839039691,1.8171076774597168,1.8154059648513794,1.8211036920547485,1.8079519271850586,1.79756760597229,1.8118273735046386,1.803453497434121,1.8154059648513794,1.8086321916580872,1.8079519271850586,1.79756760597229,1.806602237420187
rii-0011,rii-0011,2.1085146174504015,2.1630163192749023,2.152935266494751,2.1629250049591064,2.130101442337036,2.162642240524292,2.1543240547180176,2.1514966123268495,2.1520652369404836,2.158441386352737,2.130101442337036,2.162642240524292,2.15094938369628
rii-0016,rii-0016,1.9954513547263621,1.9971204996109009,2.019383430480957,2.0113961696624756,2.0091712474823,2.03178334236145,2.0137709379196167,1.986004720586584,2.019383430480957,1.9977346514154415,2.0091712474823,2.03178334236145,2.0088154784653467
rii-0017,rii-0017,1.9257910873751158,1.9634528160095215,1.9737019538879395,1.9632776975631714,1.9640934467315674,1.9900321960449219,1.9709116220474243,1.9450260896812122,1.9737019538879395,1.9441406743841678,1.9640934467315674,1.9900321960449219,1.9633988721459616
rii-0022,rii-0022,1.6968806706711335,1.7185945510864258,1.7517874240875244,1.6766237020492554,1.6820881366729736,1.7795464992523193,1.7217280626296998,1.7038278878601267,1.7517874240875244,1.576832667894671,1.6820881366729736,1.7795464992523193,1.698816523153523
rii-0023,rii-0023,1.786901475886938,1.8685487508773804,1.882175326347351,1.800746202468872,1.8288018703460693,1.904278039932251,1.8569100379943848,1.834900588312777,1.882175326347351,1.7041519601434456,1.8288018703460693,1.904278039932251,1.8308615570163789
rii-0024,rii-0024,1.4781752243129251,1.5409224033355713,1.5329569578170776,1.5339499711990356,1.5326164960861206,1.516998291015625,1.531488823890686,1.5382542840894606,1.5329569578170776,1.5339499711990356,1.5326164960861206,1.516998291015625,1.530955200041464
rii-0027,rii-0027,1.9760184111830315,1.9712474346160889,1.9751508235931396,1.9780023097991943,1.9342718124389648,1.9832333326339722,1.968381142616272,1.9663959459529157,1.9751508235931396,1.9725610013374162,1.9342718124389648,1.9832333326339722,1.9663225831912818
rii-0038,rii-0038,1.8068461480800402,1.896865963935852,1.9022407531738281,1.8908289670944214,1.8765956163406372,1.8973685503005981,1.8927799701690673,1.887584893225312,1.9022407531738281,1.8773772402990905,1.8765956163406372,1.8973685503005981,1.8882334106678933
rii-0040,rii-0040,1.5992058369463036,1.6513780355453491,1.6443220376968384,1.6449174880981445,1.6283031702041626,1.6368941068649292,1.6411629676818849,1.6467841442227265,1.6443220376968384,1.6449174880981445,1.6283031702041626,1.6368941068649292,1.6402441894173603
rii-0041,rii-0041,1.9315224,1.9578158855438232,1.9552977085113525,1.945131778717041,1.9344853162765503,1.9590163230895996,1.9503494024276733,1.9576051955076668,1.9552977085113525,1.929595143560648,1.9344853162765503,1.9590163230895996,1.9471999373891635
rii-0042,rii-0042,1.8389453280150103,1.912920594215393,1.918953537940979,1.9220340251922607,1.900162935256958,1.9035191535949707,1.9115180492401123,1.9035946436600224,1.918953537940979,1.9101398691400049,1.900162935256958,1.9035191535949707,1.907274027918587
rii-0056,rii-0056,2.1378879223547167,2.2184641361236572,2.2479822635650635,2.204350709915161,2.2100727558135986,2.1930992603302,2.214793825149536,2.215114565584607,2.2479822635650635,2.202499660516826,2.2100727558135986,2.1930992603302,2.213753701162059
rii-0061,rii-0061,1.8397840898343996,1.8920408487319946,1.9007768630981445,1.886361002922058,1.880350112915039,1.9012173414230347,1.892149233818054,1.882521271858894,1.9007768630981445,1.8747731830637497,1.880350112915039,1.9012173414230347,1.8879277544717723
rii-0064,rii-0064,1.8183817966968423,1.9505624771118164,1.9243602752685547,1.9544963836669922,1.9293369054794312,1.9035108089447021,1.9324533700942994,1.9391116311331902,1.9243602752685547,1.940373843832593,1.9293369054794312,1.9035108089447021,1.9273386929316942
rii-0065,rii-0065,1.9100840876821072,1.8857831954956055,1.9177807569503784,1.906003713607788,1.904464840888977,1.9258596897125244,1.9079784393310546,1.8757635764496474,1.9177807569503784,1.8970419025610479,1.904464840888977,1.9258596897125244,1.9041821533125152
rii-0068,rii-0068,1.9710794662372022,2.056840181350708,2.0971791744232178,2.070539712905884,2.0708394050598145,2.064269781112671,2.071933650970459,2.045584484199257,2.0971791744232178,2.070539712905884,2.0708394050598145,2.064269781112671,2.0696825115401687
rii-0076,rii-0076,1.9304370523826309,2.010483741760254,1.9780950546264648,1.9810147285461426,1.9751300811767578,2.0070736408233643,1.9903594493865966,2.0089802979676774,1.9780950546264648,1.9745792050935413,1.9751300811767578,2.0070736408233643,1.9887716559375612
rii-0077,rii-0077,1.8326456356008374,1.9307560920715332,1.9369251728057861,1.9461086988449097,1.913136601448059,1.9184104204177856,1.9290673971176147,1.919557538386654,1.9369251728057861,1.9350165967227366,1.913136601448059,1.9184104204177856,1.9246092659562044
rii-0078,rii-0078,2.080640932660302,2.054083824157715,2.0351665019989014,2.0469000339508057,2.020104169845581,2.1056911945343018,2.052389144897461,2.045897561817129,2.0351665019989014,2.0284718136565116,2.020104169845581,2.1056911945343018,2.047066248370485
rii-0080,rii-0080,2.2377523423546974,2.2960124015808105,2.322514533996582,2.286071538925171,2.2653920650482178,2.289858102798462,2.291969728469849,2.277087041854987,2.322514533996582,2.269006396617894,2.2653920650482178,2.289858102798462,2.284771628063228
