split_id,algorithm,fitted_shift_log10_e_gpa,test_mae,test_rmse,test_max_error
0,Stage 1 + 5% output-bias calibration,-0.285572140154164,0.10909450405383203,0.12297820556104234,0.24163088379613562
0,HP-SafeMoE + 5% output-bias calibration,-0.28521706305411154,0.10900891403314474,0.12336745575122149,0.24443885155115375
1,Stage 1 + 5% output-bias calibration,-0.2911743304467098,0.11358672132140996,0.12693276250184066,0.24723307408868145
1,HP-SafeMoE + 5% output-bias calibration,-0.2882726404177802,0.11200573754127817,0.12555493459302686,0.24749442891482243
2,Stage 1 + 5% output-bias calibration,-0.2446458639643052,0.09114687003997975,0.10278415790655611,0.24621533330111456
2,HP-SafeMoE + 5% output-bias calibration,-0.24229641992065298,0.09091735749506925,0.10310325590925104,0.25397751911822297
3,Stage 1 + 5% output-bias calibration,-0.2911743304467098,0.11278124306266418,0.12695358788229175,0.24723307408868145
3,HP-SafeMoE + 5% output-bias calibration,-0.2882726404177802,0.11128461475912689,0.12572556066340723,0.24749442891482243
4,Stage 1 + 5% output-bias calibration,-0.2446458639643052,0.0910473403373053,0.10258209937629237,0.24621533330111456
4,HP-SafeMoE + 5% output-bias calibration,-0.24229641992065298,0.0907439453266703,0.10283973061752143,0.25397751911822297
5,Stage 1 + 5% output-bias calibration,-0.2446458639643052,0.0916787774732243,0.10324620597911006,0.24621533330111456
5,HP-SafeMoE + 5% output-bias calibration,-0.24229641992065298,0.09141063874757493,0.10351889127920144,0.25397751911822297
6,Stage 1 + 5% output-bias calibration,-0.17085673897103693,0.08231264033299471,0.10845513367285788,0.32000445829438284
6,HP-SafeMoE + 5% output-bias calibration,-0.17237101967634283,0.08404950191083414,0.10919319382113336,0.3239029193625331
7,Stage 1 + 5% output-bias calibration,-0.2446458639643052,0.09405687135498135,0.10557320455256108,0.24621533330111456
7,HP-SafeMoE + 5% output-bias calibration,-0.24229641992065298,0.09374945088638206,0.10583755733731941,0.25397751911822297
8,Stage 1 + 5% output-bias calibration,-0.3878527804010443,0.1821596211854204,0.20229791897662666,0.34391152404301595
8,HP-SafeMoE + 5% output-bias calibration,-0.387699967641256,0.18164204010237583,0.20225070568783102,0.34692175613829823
9,Stage 1 + 5% output-bias calibration,-0.1273808762604718,0.09509798036327767,0.1321786273194079,0.363480321004948
9,HP-SafeMoE + 5% output-bias calibration,-0.12421820920965221,0.09830706888659248,0.13550546081206352,0.37205572982922375
10,Stage 1 + 5% output-bias calibration,-0.11605393863170166,0.10359691077494668,0.14092334070399273,0.3748072586337181
10,HP-SafeMoE + 5% output-bias calibration,-0.11886965847500619,0.10262535957404069,0.14019797855813385,0.37740428056386977
11,Stage 1 + 5% output-bias calibration,-0.11605393863170166,0.10240325697922666,0.13995426037374065,0.3748072586337181
11,HP-SafeMoE + 5% output-bias calibration,-0.11886965847500619,0.10130770829482844,0.1391867048900237,0.37740428056386977
12,Stage 1 + 5% output-bias calibration,-0.2911743304467098,0.11345627813321611,0.12759210756432754,0.24723307408868145
12,HP-SafeMoE + 5% output-bias calibration,-0.2882726404177802,0.11199315263184949,0.1263784951455375,0.24749442891482243
13,Stage 1 + 5% output-bias calibration,-0.1561087048143679,0.08400996505085447,0.11471484717874382,0.3347524924510519
13,HP-SafeMoE + 5% output-bias calibration,-0.1622686425183626,0.08464614558396887,0.11304204296867493,0.33400529652051336
14,Stage 1 + 5% output-bias calibration,-0.2911743304467098,0.11193022963380507,0.1262556581201208,0.24723307408868145
14,HP-SafeMoE + 5% output-bias calibration,-0.2882726404177802,0.11034970743469188,0.12494235902645247,0.24749442891482243
15,Stage 1 + 5% output-bias calibration,-0.3473680634080356,0.15095775329879876,0.1688374424276096,0.30342680705000724
15,HP-SafeMoE + 5% output-bias calibration,-0.34484870279122726,0.1486121946463053,0.16704779676045378,0.30407049128826946
16,Stage 1 + 5% output-bias calibration,-0.2911743304467098,0.11319898853830587,0.12724753732311384,0.24723307408868145
16,HP-SafeMoE + 5% output-bias calibration,-0.2882726404177802,0.11163792988855231,0.12598037900640752,0.24749442891482243
17,Stage 1 + 5% output-bias calibration,-0.15885816861499036,0.08510310053886734,0.11475976147882949,0.3320030286504294
17,HP-SafeMoE + 5% output-bias calibration,-0.16186084804229184,0.0864648244301568,0.11466951196327228,0.3344130909965841
18,Stage 1 + 5% output-bias calibration,-0.2911743304467098,0.1130667341410144,0.12738616801247601,0.24723307408868145
18,HP-SafeMoE + 5% output-bias calibration,-0.2882726404177802,0.111541489548101,0.12611437589159338,0.24749442891482243
19,Stage 1 + 5% output-bias calibration,-0.3842679312111228,0.18087909570570618,0.20034249190097014,0.3403266748530944
19,HP-SafeMoE + 5% output-bias calibration,-0.38386248780785115,0.18015985095814477,0.2000717489000172,0.34308427630489335
20,Stage 1 + 5% output-bias calibration,-0.24160367026733942,0.09115528401827794,0.10254466815258433,0.24925752699808035
20,HP-SafeMoE + 5% output-bias calibration,-0.24822677988289676,0.09426135967555867,0.10574112739227846,0.2480471591559792
21,Stage 1 + 5% output-bias calibration,-0.285572140154164,0.10987719057000343,0.12321851687321274,0.24163088379613562
21,HP-SafeMoE + 5% output-bias calibration,-0.28521706305411154,0.10986514101726717,0.1236868205880393,0.24443885155115375
22,Stage 1 + 5% output-bias calibration,-0.2446458639643052,0.09016896993091801,0.10176239776954396,0.24621533330111456
22,HP-SafeMoE + 5% output-bias calibration,-0.24229641992065298,0.08981858634188793,0.10192643736629894,0.25397751911822297
23,Stage 1 + 5% output-bias calibration,-0.116821116287531,0.10387291839033815,0.14061437215414005,0.37404008097788877
23,HP-SafeMoE + 5% output-bias calibration,-0.11886965847500619,0.10350634995649656,0.14043093748551871,0.37740428056386977
24,Stage 1 + 5% output-bias calibration,-0.2446458639643052,0.09333183819917469,0.10493052084361824,0.24621533330111456
24,HP-SafeMoE + 5% output-bias calibration,-0.24229641992065298,0.09304259836527509,0.10521261052299569,0.25397751911822297
25,Stage 1 + 5% output-bias calibration,-0.2446458639643052,0.09172567527221848,0.10318809123568552,0.24621533330111456
25,HP-SafeMoE + 5% output-bias calibration,-0.24229641992065298,0.0915323810728767,0.10358029214714201,0.25397751911822297
26,Stage 1 + 5% output-bias calibration,-0.2446458639643052,0.09085988048508434,0.10171924644099428,0.20070460760627684
26,HP-SafeMoE + 5% output-bias calibration,-0.24229641992065298,0.09052158895440991,0.101823536503687,0.2015182084176952
27,Stage 1 + 5% output-bias calibration,-0.11605393863170166,0.10449196970964718,0.14115906081712526,0.3748072586337181
27,HP-SafeMoE + 5% output-bias calibration,-0.11886965847500619,0.10350134102522206,0.14043095208813614,0.37740428056386977
28,Stage 1 + 5% output-bias calibration,-0.3473680634080356,0.1516892911953216,0.16957484858871802,0.30342680705000724
28,HP-SafeMoE + 5% output-bias calibration,-0.34484870279122726,0.14951425144729352,0.16793773750537108,0.30407049128826946
29,Stage 1 + 5% output-bias calibration,-0.285572140154164,0.1097404087370575,0.1232848257980236,0.24163088379613562
29,HP-SafeMoE + 5% output-bias calibration,-0.28521706305411154,0.10966804950353386,0.123696622249242,0.24443885155115375
30,Stage 1 + 5% output-bias calibration,-0.2446458639643052,0.09226074419839579,0.10422333079769991,0.24621533330111456
30,HP-SafeMoE + 5% output-bias calibration,-0.24229641992065298,0.09189631779151429,0.10444346182309201,0.25397751911822297
31,Stage 1 + 5% output-bias calibration,-0.13283327336873363,0.09275590871751067,0.12934940175338722,0.35802792389668614
31,HP-SafeMoE + 5% output-bias calibration,-0.1311299083355122,0.09515087906271441,0.13167134309464254,0.36514403070336376
32,Stage 1 + 5% output-bias calibration,-0.20567754493762624,0.08285526354981788,0.10022965923340685,0.2851836523277935
32,HP-SafeMoE + 5% output-bias calibration,-0.20729849575249615,0.0842451291761936,0.1013729231996941,0.2889754432863798
33,Stage 1 + 5% output-bias calibration,-0.2911743304467098,0.11273654137632726,0.12631515827692932,0.24723307408868145
33,HP-SafeMoE + 5% output-bias calibration,-0.2882726404177802,0.11118462224172852,0.12508477911015511,0.24749442891482243
34,Stage 1 + 5% output-bias calibration,-0.17085673897103693,0.08033346108926918,0.10684485676561678,0.32000445829438284
34,HP-SafeMoE + 5% output-bias calibration,-0.17237101967634283,0.08206291780365003,0.10765532204989497,0.3239029193625331
35,Stage 1 + 5% output-bias calibration,-0.2446458639643052,0.09270990870111583,0.1045207169643693,0.24621533330111456
35,HP-SafeMoE + 5% output-bias calibration,-0.24229641992065298,0.09242557000967634,0.10481496217550884,0.25397751911822297
36,Stage 1 + 5% output-bias calibration,-0.11605393863170166,0.10089889321044888,0.1375866623979012,0.3748072586337181
36,HP-SafeMoE + 5% output-bias calibration,-0.11886965847500619,0.09991183208796149,0.13693126494307922,0.37740428056386977
37,Stage 1 + 5% output-bias calibration,-0.2446458639643052,0.09154482098794621,0.10315247567657337,0.24621533330111456
37,HP-SafeMoE + 5% output-bias calibration,-0.24229641992065298,0.091280588021807,0.10340333062005974,0.25397751911822297
38,Stage 1 + 5% output-bias calibration,-0.285572140154164,0.10864360929453461,0.12253319030424734,0.24163088379613562
38,HP-SafeMoE + 5% output-bias calibration,-0.28521706305411154,0.10860561510244708,0.12296621728539041,0.24443885155115375
39,Stage 1 + 5% output-bias calibration,-0.2446458639643052,0.09462368934995805,0.1058902728719201,0.24621533330111456
39,HP-SafeMoE + 5% output-bias calibration,-0.24229641992065298,0.09433664093630423,0.10618841242437375,0.25397751911822297
40,Stage 1 + 5% output-bias calibration,-0.2911743304467098,0.11489952362999825,0.12847197536173496,0.24723307408868145
40,HP-SafeMoE + 5% output-bias calibration,-0.2882726404177802,0.11343229649543199,0.12721515006699394,0.24749442891482243
41,Stage 1 + 5% output-bias calibration,-0.3473680634080356,0.15025822047729023,0.1681016300282866,0.30342680705000724
41,HP-SafeMoE + 5% output-bias calibration,-0.34484870279122726,0.14793931531500382,0.1662888585571416,0.30407049128826946
42,Stage 1 + 5% output-bias calibration,-0.285572140154164,0.10957268753518887,0.12346763452593708,0.24163088379613562
42,HP-SafeMoE + 5% output-bias calibration,-0.28521706305411154,0.10950662878767049,0.12387047059292833,0.24443885155115375
43,Stage 1 + 5% output-bias calibration,-0.285572140154164,0.10912212035867154,0.12281204417779595,0.24163088379613562
43,HP-SafeMoE + 5% output-bias calibration,-0.28521706305411154,0.10909705473851788,0.12324204140236507,0.24443885155115375
44,Stage 1 + 5% output-bias calibration,-0.2446458639643052,0.09246053355868339,0.10400853258202118,0.24621533330111456
44,HP-SafeMoE + 5% output-bias calibration,-0.24229641992065298,0.09209064264169804,0.10422324664861717,0.25397751911822297
45,Stage 1 + 5% output-bias calibration,-0.2911743304467098,0.11200537233613901,0.12625843030883666,0.24723307408868145
45,HP-SafeMoE + 5% output-bias calibration,-0.2882726404177802,0.11046863306453235,0.12498294411649147,0.24749442891482243
46,Stage 1 + 5% output-bias calibration,-0.3473680634080356,0.1534471395797526,0.1707916028475949,0.30342680705000724
46,HP-SafeMoE + 5% output-bias calibration,-0.34484870279122726,0.15120510066663065,0.16905840470886252,0.30407049128826946
47,Stage 1 + 5% output-bias calibration,-0.2911743304467098,0.11159547333253741,0.1250389429729908,0.21722804534685247
47,HP-SafeMoE + 5% output-bias calibration,-0.2882726404177802,0.11004143352407508,0.12375708453595412,0.21248180437019615
48,Stage 1 + 5% output-bias calibration,-0.16402021282675294,0.08311987568435562,0.1118488766200201,0.3268409844386668
48,HP-SafeMoE + 5% output-bias calibration,-0.16795761608966053,0.08436584256973878,0.11141705565751245,0.3283163229492154
49,Stage 1 + 5% output-bias calibration,-0.2911743304467098,0.11407191957575681,0.12767112497995706,0.24723307408868145
49,HP-SafeMoE + 5% output-bias calibration,-0.2882726404177802,0.11251905157288289,0.12646477182160676,0.24749442891482243
50,Stage 1 + 5% output-bias calibration,-0.3878527804010443,0.18721198197980352,0.20630232018917338,0.34391152404301595
50,HP-SafeMoE + 5% output-bias calibration,-0.387699967641256,0.18676720745348147,0.20629300873425072,0.34692175613829823
51,Stage 1 + 5% output-bias calibration,-0.2446458639643052,0.09401001743125867,0.10540373348567844,0.24621533330111456
51,HP-SafeMoE + 5% output-bias calibration,-0.24229641992065298,0.09380742600829123,0.10568952619122804,0.25397751911822297
52,Stage 1 + 5% output-bias calibration,-0.2446458639643052,0.09085719351769059,0.10265422156170695,0.24621533330111456
52,HP-SafeMoE + 5% output-bias calibration,-0.24229641992065298,0.09053339109214256,0.10287365267002416,0.25397751911822297
53,Stage 1 + 5% output-bias calibration,-0.11605393863170166,0.10270685542359095,0.14036174029698842,0.3748072586337181
53,HP-SafeMoE + 5% output-bias calibration,-0.11886965847500619,0.10165835975003977,0.13957359419518386,0.37740428056386977
54,Stage 1 + 5% output-bias calibration,-0.3842679312111228,0.18391408386270994,0.2028029631442978,0.3403266748530944
54,HP-SafeMoE + 5% output-bias calibration,-0.38386248780785115,0.18335039424053362,0.20265927267432277,0.34308427630489335
55,Stage 1 + 5% output-bias calibration,-0.2911743304467098,0.11449028317507945,0.12763776581407726,0.24723307408868145
55,HP-SafeMoE + 5% output-bias calibration,-0.2882726404177802,0.1130359458893075,0.1265667607393871,0.24749442891482243
56,Stage 1 + 5% output-bias calibration,-0.2446458639643052,0.09004992630272497,0.10092229681269649,0.20070460760627684
56,HP-SafeMoE + 5% output-bias calibration,-0.24229641992065298,0.08965992966683589,0.10096354215573257,0.2015182084176952
57,Stage 1 + 5% output-bias calibration,-0.285572140154164,0.10939077035998451,0.12241319623653017,0.21162585505430664
57,HP-SafeMoE + 5% output-bias calibration,-0.28521706305411154,0.109322118467534,0.12281880742158377,0.2110568759847644
58,Stage 1 + 5% output-bias calibration,-0.3782934152653128,0.17789634035006677,0.19684562263012426,0.33435215890728465
58,HP-SafeMoE + 5% output-bias calibration,-0.3799117445120481,0.17900675714086794,0.1985246189686099,0.33913353300909055
59,Stage 1 + 5% output-bias calibration,-0.20050636898122987,0.07857879852056929,0.09660835025767946,0.2903548282841899
59,HP-SafeMoE + 5% output-bias calibration,-0.2033880526939802,0.08013193686268585,0.09778928637729914,0.29288588634489576
60,Stage 1 + 5% output-bias calibration,-0.285572140154164,0.11162406351642351,0.12458013007373893,0.24163088379613562
60,HP-SafeMoE + 5% output-bias calibration,-0.28521706305411154,0.11159898579675143,0.12501507757145675,0.24443885155115375
61,Stage 1 + 5% output-bias calibration,-0.3473680634080356,0.15246244682110438,0.17015300044020915,0.30342680705000724
61,HP-SafeMoE + 5% output-bias calibration,-0.34484870279122726,0.15006286857462528,0.16833911054389775,0.30407049128826946
62,Stage 1 + 5% output-bias calibration,-0.3842679312111228,0.18005424902048364,0.20019479082820507,0.3403266748530944
62,HP-SafeMoE + 5% output-bias calibration,-0.38386248780785115,0.17936960286694947,0.19999165145983946,0.34308427630489335
63,Stage 1 + 5% output-bias calibration,-0.285572140154164,0.11103306153090396,0.1243463359942452,0.24163088379613562
63,HP-SafeMoE + 5% output-bias calibration,-0.28521706305411154,0.1110197369048934,0.12485004181248077,0.24443885155115375
64,Stage 1 + 5% output-bias calibration,-0.285572140154164,0.10878547589604078,0.12262477916562985,0.24163088379613562
64,HP-SafeMoE + 5% output-bias calibration,-0.28521706305411154,0.10874312007910106,0.1230562702511691,0.24443885155115375
65,Stage 1 + 5% output-bias calibration,-0.11707243347325136,0.1022570206667022,0.13967179179446054,0.3737887637921684
65,HP-SafeMoE + 5% output-bias calibration,-0.11886965847500619,0.10201024101026432,0.13965153499554445,0.37740428056386977
66,Stage 1 + 5% output-bias calibration,-0.285572140154164,0.11026285437497779,0.12313291148078166,0.24163088379613562
66,HP-SafeMoE + 5% output-bias calibration,-0.28521706305411154,0.1102490973770288,0.12363864583274102,0.24443885155115375
67,Stage 1 + 5% output-bias calibration,-0.11605393863170166,0.10141998700851546,0.137724933565866,0.3748072586337181
67,HP-SafeMoE + 5% output-bias calibration,-0.11886965847500619,0.10038652004614425,0.13710419038583413,0.37740428056386977
68,Stage 1 + 5% output-bias calibration,-0.3842679312111228,0.18218549507931373,0.20173471185226965,0.3403266748530944
68,HP-SafeMoE + 5% output-bias calibration,-0.38386248780785115,0.18165567150112227,0.20162699425550343,0.34308427630489335
69,Stage 1 + 5% output-bias calibration,-0.14946380415770166,0.08461939128672451,0.11680452081409373,0.3413973931077181
69,HP-SafeMoE + 5% output-bias calibration,-0.14630879643780315,0.08743673568995924,0.11988471386147441,0.3499651426010728
70,Stage 1 + 5% output-bias calibration,-0.11605393863170166,0.10355368406605095,0.14081196779780827,0.3748072586337181
70,HP-SafeMoE + 5% output-bias calibration,-0.11886965847500619,0.10254900700980743,0.14009292066762952,0.37740428056386977
71,Stage 1 + 5% output-bias calibration,-0.3473680634080356,0.15379920093120159,0.17083956354635296,0.30342680705000724
71,HP-SafeMoE + 5% output-bias calibration,-0.34484870279122726,0.15151494999278103,0.16909262309409895,0.30407049128826946
72,Stage 1 + 5% output-bias calibration,-0.2446458639643052,0.09208307575523007,0.10384944060523955,0.24621533330111456
72,HP-SafeMoE + 5% output-bias calibration,-0.24229641992065298,0.09186648801115373,0.10415466673846889,0.25397751911822297
73,Stage 1 + 5% output-bias calibration,-0.2446458639643052,0.09371867466835179,0.10535786106155609,0.24621533330111456
73,HP-SafeMoE + 5% output-bias calibration,-0.24229641992065298,0.09358270177803944,0.1057531144368791,0.25397751911822297
74,Stage 1 + 5% output-bias calibration,-0.2446458639643052,0.09395854617607075,0.1047233928140103,0.24621533330111456
74,HP-SafeMoE + 5% output-bias calibration,-0.24229641992065298,0.09370127737078118,0.10506382315093489,0.25397751911822297
75,Stage 1 + 5% output-bias calibration,-0.285572140154164,0.11051856746025504,0.12382961112885087,0.24163088379613562
75,HP-SafeMoE + 5% output-bias calibration,-0.28521706305411154,0.11047009805041481,0.12429469789469702,0.24443885155115375
76,Stage 1 + 5% output-bias calibration,-0.2911743304467098,0.11334555427198255,0.12714716888898236,0.24723307408868145
76,HP-SafeMoE + 5% output-bias calibration,-0.2882726404177802,0.11187215930251627,0.1259878646463764,0.24749442891482243
77,Stage 1 + 5% output-bias calibration,-0.2911743304467098,0.11436994908032576,0.12804312177636962,0.24723307408868145
77,HP-SafeMoE + 5% output-bias calibration,-0.2882726404177802,0.11304841757318813,0.12699901307590156,0.24749442891482243
78,Stage 1 + 5% output-bias calibration,-0.13719275861701474,0.08874322888839942,0.1251819722739278,0.353668438648405
78,HP-SafeMoE + 5% output-bias calibration,-0.13393795488652804,0.09180236987692911,0.12847350257670892,0.3623359841523479
79,Stage 1 + 5% output-bias calibration,-0.285572140154164,0.1104327759875513,0.12400453010600128,0.24163088379613562
79,HP-SafeMoE + 5% output-bias calibration,-0.28521706305411154,0.11038332271051653,0.12444614478635461,0.24443885155115375
80,Stage 1 + 5% output-bias calibration,-0.2911743304467098,0.11372156300165658,0.12769631375174867,0.24723307408868145
80,HP-SafeMoE + 5% output-bias calibration,-0.2882726404177802,0.11224203822725862,0.1264505383345706,0.24749442891482243
81,Stage 1 + 5% output-bias calibration,-0.2446458639643052,0.09426397553140882,0.10567347914594347,0.24621533330111456
81,HP-SafeMoE + 5% output-bias calibration,-0.24229641992065298,0.09401727366727,0.1059737723009297,0.25397751911822297
82,Stage 1 + 5% output-bias calibration,-0.2446458639643052,0.09273574038717582,0.10454773195711499,0.24621533330111456
82,HP-SafeMoE + 5% output-bias calibration,-0.24229641992065298,0.0924365438309499,0.10478708958874616,0.25397751911822297
83,Stage 1 + 5% output-bias calibration,-0.2911743304467098,0.11407141193932349,0.12770801169124793,0.24723307408868145
83,HP-SafeMoE + 5% output-bias calibration,-0.2882726404177802,0.11255012721056343,0.12650221556030758,0.24749442891482243
84,Stage 1 + 5% output-bias calibration,-0.285572140154164,0.10904974825889022,0.12207549824278734,0.21162585505430664
84,HP-SafeMoE + 5% output-bias calibration,-0.28521706305411154,0.10891708248221256,0.1224245037018187,0.2110568759847644
85,Stage 1 + 5% output-bias calibration,-0.116821116287531,0.10152087263679736,0.13926793089251965,0.37404008097788877
85,HP-SafeMoE + 5% output-bias calibration,-0.11886965847500619,0.10119193971376998,0.1391335083164917,0.37740428056386977
86,Stage 1 + 5% output-bias calibration,-0.2446458639643052,0.0923733130485524,0.10407001596484476,0.24621533330111456
86,HP-SafeMoE + 5% output-bias calibration,-0.24229641992065298,0.09207585571230993,0.10430978024314953,0.25397751911822297
87,Stage 1 + 5% output-bias calibration,-0.285572140154164,0.10994863188422253,0.12360154780300874,0.24163088379613562
87,HP-SafeMoE + 5% output-bias calibration,-0.28521706305411154,0.10990901402953523,0.12405923339576196,0.24443885155115375
88,Stage 1 + 5% output-bias calibration,-0.22401105552682,0.08591534219697163,0.09935865998230606,0.2668501417385998
88,HP-SafeMoE + 5% output-bias calibration,-0.23100107187245733,0.08876685249270645,0.10166352984591255,0.2652728671664186
89,Stage 1 + 5% output-bias calibration,-0.11707243347325136,0.10271175530921828,0.13991973456586695,0.3737887637921684
89,HP-SafeMoE + 5% output-bias calibration,-0.11886965847500619,0.10244378126195623,0.13988367712598154,0.37740428056386977
90,Stage 1 + 5% output-bias calibration,-0.11605393863170166,0.1034404621894896,0.14088454841875556,0.3748072586337181
90,HP-SafeMoE + 5% output-bias calibration,-0.11886965847500619,0.10243456203595089,0.1401359030472058,0.37740428056386977
91,Stage 1 + 5% output-bias calibration,-0.11707243347325136,0.10208028894383037,0.13990501268734307,0.3737887637921684
91,HP-SafeMoE + 5% output-bias calibration,-0.11886965847500619,0.10181759100892158,0.13985609819240877,0.37740428056386977
92,Stage 1 + 5% output-bias calibration,-0.285572140154164,0.10962209978950244,0.1232074530189854,0.24163088379613562
92,HP-SafeMoE + 5% output-bias calibration,-0.28521706305411154,0.1095619406128376,0.12364856846122337,0.24443885155115375
93,Stage 1 + 5% output-bias calibration,-0.2911743304467098,0.11278561990367995,0.12628983409231598,0.24723307408868145
93,HP-SafeMoE + 5% output-bias calibration,-0.2882726404177802,0.11116810458389731,0.12491689888900755,0.24749442891482243
94,Stage 1 + 5% output-bias calibration,-0.23382657395732487,0.08748533331662765,0.09992880542802854,0.2570346233080949
94,HP-SafeMoE + 5% output-bias calibration,-0.23560197041188724,0.08865856718069107,0.10138109980642457,0.2606719686269887
95,Stage 1 + 5% output-bias calibration,-0.3473680634080356,0.1495834013350057,0.16767396576534857,0.30342680705000724
95,HP-SafeMoE + 5% output-bias calibration,-0.34484870279122726,0.1471602976881093,0.165762829278022,0.30407049128826946
96,Stage 1 + 5% output-bias calibration,-0.2911743304467098,0.11328966745640966,0.12685642538843342,0.24723307408868145
96,HP-SafeMoE + 5% output-bias calibration,-0.2882726404177802,0.11173190567194773,0.12562775566881282,0.24749442891482243
97,Stage 1 + 5% output-bias calibration,-0.2911743304467098,0.11165088144883765,0.12597842367031353,0.24723307408868145
97,HP-SafeMoE + 5% output-bias calibration,-0.2882726404177802,0.11015729014168857,0.1247430032661622,0.24749442891482243
98,Stage 1 + 5% output-bias calibration,-0.3842679312111228,0.18263714044127813,0.20152801886075164,0.3403266748530944
98,HP-SafeMoE + 5% output-bias calibration,-0.38386248780785115,0.1819418048671288,0.20129078055591126,0.34308427630489335
99,Stage 1 + 5% output-bias calibration,-0.285572140154164,0.11086500824636523,0.12418531978626787,0.24163088379613562
99,HP-SafeMoE + 5% output-bias calibration,-0.28521706305411154,0.11076129386061169,0.12459411120491665,0.24443885155115375
