split_id,calibration_indices_zero_based,calibration_sample_ids,calibration_n,test_n
0,2;10;19;20;28,hea95-2;hea95-10;hea95-19;hea95-20;hea95-28,5,90
1,2;10;27;30;81,hea95-2;hea95-10;hea95-27;hea95-30;hea95-81,5,90
2,18;23;65;67;90,hea95-18;hea95-23;hea95-65;hea95-67;hea95-90,5,90
3,9;19;30;63;78,hea95-9;hea95-19;hea95-30;hea95-63;hea95-78,5,90
4,9;42;65;81;88,hea95-9;hea95-42;hea95-65;hea95-81;hea95-88,5,90
5,10;50;62;65;79,hea95-10;hea95-50;hea95-62;hea95-65;hea95-79,5,90
6,24;41;60;91;94,hea95-24;hea95-41;hea95-60;hea95-91;hea95-94,5,90
7,18;35;44;45;65,hea95-18;hea95-35;hea95-44;hea95-45;hea95-65,5,90
8,27;52;67;70;89,hea95-27;hea95-52;hea95-67;hea95-70;hea95-89,5,90
9,4;12;36;38;48,hea95-4;hea95-12;hea95-36;hea95-38;hea95-48,5,90
10,2;5;15;67;85,hea95-2;hea95-5;hea95-15;hea95-67;hea95-85,5,90
11,15;37;68;69;74,hea95-15;hea95-37;hea95-68;hea95-69;hea95-74,5,90
12,30;32;52;66;75,hea95-30;hea95-32;hea95-52;hea95-66;hea95-75,5,90
13,8;36;45;75;91,hea95-8;hea95-36;hea95-45;hea95-75;hea95-91,5,90
14,21;28;30;72;86,hea95-21;hea95-28;hea95-30;hea95-72;hea95-86,5,90
15,9;19;24;36;62,hea95-9;hea95-19;hea95-24;hea95-36;hea95-62,5,90
16,25;30;43;54;89,hea95-25;hea95-30;hea95-43;hea95-54;hea95-89,5,90
17,21;43;64;75;93,hea95-21;hea95-43;hea95-64;hea95-75;hea95-93,5,90
18,28;30;62;74;78,hea95-28;hea95-30;hea95-62;hea95-74;hea95-78,5,90
19,19;66;75;78;89,hea95-19;hea95-66;hea95-75;hea95-78;hea95-89,5,90
20,5;6;28;46;51,hea95-5;hea95-6;hea95-28;hea95-46;hea95-51,5,90
21,9;10;11;21;70,hea95-9;hea95-10;hea95-11;hea95-21;hea95-70,5,90
22,12;56;65;72;89,hea95-12;hea95-56;hea95-65;hea95-72;hea95-89,5,90
23,15;18;20;56;59,hea95-15;hea95-18;hea95-20;hea95-56;hea95-59,5,90
24,10;30;31;60;65,hea95-10;hea95-30;hea95-31;hea95-60;hea95-65,5,90
25,5;40;44;65;91,hea95-5;hea95-40;hea95-44;hea95-65;hea95-91,5,90
26,11;21;24;27;65,hea95-11;hea95-21;hea95-24;hea95-27;hea95-65,5,90
27,15;18;57;67;87,hea95-15;hea95-18;hea95-57;hea95-67;hea95-87,5,90
28,9;23;85;90;91,hea95-9;hea95-23;hea95-85;hea95-90;hea95-91,5,90
29,10;11;66;78;87,hea95-10;hea95-11;hea95-66;hea95-78;hea95-87,5,90
30,11;29;53;65;75,hea95-11;hea95-29;hea95-53;hea95-65;hea95-75,5,90
31,0;12;13;60;63,hea95-0;hea95-12;hea95-13;hea95-60;hea95-63,5,90
32,8;16;32;39;67,hea95-8;hea95-16;hea95-32;hea95-39;hea95-67,5,90
33,16;30;52;54;68,hea95-16;hea95-30;hea95-52;hea95-54;hea95-68,5,90
34,9;24;82;87;88,hea95-9;hea95-24;hea95-82;hea95-87;hea95-88,5,90
35,20;22;25;38;65,hea95-20;hea95-22;hea95-25;hea95-38;hea95-65,5,90
36,15;19;65;67;87,hea95-15;hea95-19;hea95-65;hea95-67;hea95-87,5,90
37,8;40;65;66;87,hea95-8;hea95-40;hea95-65;hea95-66;hea95-87,5,90
38,10;33;67;72;90,hea95-10;hea95-33;hea95-67;hea95-72;hea95-90,5,90
39,4;16;37;43;65,hea95-4;hea95-16;hea95-37;hea95-43;hea95-65,5,90
40,30;37;52;62;65,hea95-30;hea95-37;hea95-52;hea95-62;hea95-65,5,90
41,9;19;48;67;90,hea95-9;hea95-19;hea95-48;hea95-67;hea95-90,5,90
42,10;18;23;72;86,hea95-10;hea95-18;hea95-23;hea95-72;hea95-86,5,90
43,9;10;63;67;89,hea95-9;hea95-10;hea95-63;hea95-67;hea95-89,5,90
44,34;63;65;72;77,hea95-34;hea95-63;hea95-65;hea95-72;hea95-77,5,90
45,3;19;30;66;84,hea95-3;hea95-19;hea95-30;hea95-66;hea95-84,5,90
46,8;9;47;52;66,hea95-8;hea95-9;hea95-47;hea95-52;hea95-66,5,90
47,3;25;30;42;52,hea95-3;hea95-25;hea95-30;hea95-42;hea95-52,5,90
48,22;32;46;54;59,hea95-22;hea95-32;hea95-46;hea95-54;hea95-59,5,90
49,0;29;30;45;60,hea95-0;hea95-29;hea95-30;hea95-45;hea95-60,5,90
50,27;45;52;72;81,hea95-27;hea95-45;hea95-52;hea95-72;hea95-81,5,90
51,13;30;65;80;82,hea95-13;hea95-30;hea95-65;hea95-80;hea95-82,5,90
52,33;40;65;66;68,hea95-33;hea95-40;hea95-65;hea95-66;hea95-68,5,90
53,7;15;42;79;80,hea95-7;hea95-15;hea95-42;hea95-79;hea95-80,5,90
54,46;52;62;66;82,hea95-46;hea95-52;hea95-62;hea95-66;hea95-82,5,90
55,15;30;38;93;94,hea95-15;hea95-30;hea95-38;hea95-93;hea95-94,5,90
56,23;27;65;75;80,hea95-23;hea95-27;hea95-65;hea95-75;hea95-80,5,90
57,0;10;40;42;45,hea95-0;hea95-10;hea95-40;hea95-42;hea95-45,5,90
58,23;28;37;39;62,hea95-23;hea95-28;hea95-37;hea95-39;hea95-62,5,90
59,26;58;60;66;90,hea95-26;hea95-58;hea95-60;hea95-66;hea95-90,5,90
60,8;10;30;45;59,hea95-8;hea95-10;hea95-30;hea95-45;hea95-59,5,90
61,9;23;65;72;77,hea95-9;hea95-23;hea95-65;hea95-72;hea95-77,5,90
62,27;39;54;66;72,hea95-27;hea95-39;hea95-54;hea95-66;hea95-72,5,90
63,10;11;18;29;92,hea95-10;hea95-11;hea95-18;hea95-29;hea95-92,5,90
64,10;54;58;66;72,hea95-10;hea95-54;hea95-58;hea95-66;hea95-72,5,90
65,8;14;15;60;61,hea95-8;hea95-14;hea95-15;hea95-60;hea95-61,5,90
66,5;10;47;72;74,hea95-5;hea95-10;hea95-47;hea95-72;hea95-74,5,90
67,15;70;79;90;91,hea95-15;hea95-70;hea95-79;hea95-90;hea95-91,5,90
68,28;66;74;83;90,hea95-28;hea95-66;hea95-74;hea95-83;hea95-90,5,90
69,19;21;68;78;85,hea95-19;hea95-21;hea95-68;hea95-78;hea95-85,5,90
70,15;68;71;77;87,hea95-15;hea95-68;hea95-71;hea95-77;hea95-87,5,90
71,9;23;26;28;29,hea95-9;hea95-23;hea95-26;hea95-28;hea95-29,5,90
72,9;26;54;65;66,hea95-9;hea95-26;hea95-54;hea95-65;hea95-66,5,90
73,16;30;39;50;65,hea95-16;hea95-30;hea95-39;hea95-50;hea95-65,5,90
74,7;43;65;71;90,hea95-7;hea95-43;hea95-65;hea95-71;hea95-90,5,90
75,10;20;45;65;90,hea95-10;hea95-20;hea95-45;hea95-65;hea95-90,5,90
76,22;30;52;54;82,hea95-22;hea95-30;hea95-52;hea95-54;hea95-82,5,90
77,1;30;38;39;90,hea95-1;hea95-30;hea95-38;hea95-39;hea95-90,5,90
78,7;42;51;60;80,hea95-7;hea95-42;hea95-51;hea95-60;hea95-80,5,90
79,10;23;29;59;93,hea95-10;hea95-23;hea95-29;hea95-59;hea95-93,5,90
80,7;23;30;52;80,hea95-7;hea95-23;hea95-30;hea95-52;hea95-80,5,90
81,4;11;43;44;65,hea95-4;hea95-11;hea95-43;hea95-44;hea95-65,5,90
82,3;11;25;65;85,hea95-3;hea95-11;hea95-25;hea95-65;hea95-85,5,90
83,8;19;30;38;80,hea95-8;hea95-19;hea95-30;hea95-38;hea95-80,5,90
84,10;23;42;45;78,hea95-10;hea95-23;hea95-42;hea95-45;hea95-78,5,90
85,15;20;30;42;77,hea95-15;hea95-20;hea95-30;hea95-42;hea95-77,5,90
86,0;12;40;65;82,hea95-0;hea95-12;hea95-40;hea95-65;hea95-82,5,90
87,2;10;29;88;90,hea95-2;hea95-10;hea95-29;hea95-88;hea95-90,5,90
88,4;13;44;52;60,hea95-4;hea95-13;hea95-44;hea95-52;hea95-60,5,90
89,15;60;61;70;91,hea95-15;hea95-60;hea95-61;hea95-70;hea95-91,5,90
90,15;18;31;42;67,hea95-15;hea95-18;hea95-31;hea95-42;hea95-67,5,90
91,0;15;26;42;60,hea95-0;hea95-15;hea95-26;hea95-42;hea95-60,5,90
92,10;29;62;73;92,hea95-10;hea95-29;hea95-62;hea95-73;hea95-92,5,90
93,27;30;45;65;67,hea95-27;hea95-30;hea95-45;hea95-65;hea95-67,5,90
94,11;32;59;67;89,hea95-11;hea95-32;hea95-59;hea95-67;hea95-89,5,90
95,9;14;27;66;86,hea95-9;hea95-14;hea95-27;hea95-66;hea95-86,5,90
96,30;31;38;52;68,hea95-30;hea95-31;hea95-38;hea95-52;hea95-68,5,90
97,20;30;72;75;90,hea95-20;hea95-30;hea95-72;hea95-75;hea95-90,5,90
98,11;54;62;66;72,hea95-11;hea95-54;hea95-62;hea95-66;hea95-72,5,90
99,10;19;31;47;77,hea95-10;hea95-19;hea95-31;hea95-47;hea95-77,5,90
