split_id,calibration_n,original_evaluation_n,group_separated_evaluation_n,excluded_evaluation_n,excluded_evaluation_sample_ids,affected_split,stage1_output_bias,stage1_mae,stage1_rmse,full_output_bias,full_mae,full_rmse,full_minus_stage1_mae
0,5,90,90,0,,False,-0.285572140154164,0.10909450405383203,0.12297820556104234,-0.28521706305411154,0.10900891403314474,0.12336745575122149,-8.55900206872956e-05
1,5,90,89,1,hea95-25,True,-0.2911743304467098,0.1142854580757219,0.12752754648589462,-0.2882726404177802,0.11263186294271944,0.1261173094328143,-0.00165359513300245
2,5,90,90,0,,False,-0.2446458639643052,0.09114687003997975,0.10278415790655611,-0.24229641992065298,0.09091735749506925,0.10310325590925104,-0.0002295125449104929
3,5,90,90,0,,False,-0.2911743304467098,0.11278124306266415,0.12695358788229177,-0.2882726404177802,0.11128461475912689,0.12572556066340723,-0.0014966283035372646
4,5,90,89,1,hea95-25,True,-0.2446458639643052,0.09097003386165645,0.10263319775322062,-0.24229641992065298,0.09061458743921569,0.10284626165921117,-0.0003554464224407583
5,5,90,90,0,,False,-0.2446458639643052,0.0916787774732243,0.10324620597911006,-0.24229641992065298,0.09141063874757496,0.10351889127920146,-0.0002681387256493334
6,5,90,90,0,,False,-0.17085673897103693,0.0823126403329947,0.10845513367285788,-0.17237101967634283,0.08404950191083414,0.10919319382113336,0.0017368615778394492
7,5,90,90,0,,False,-0.2446458639643052,0.09405687135498135,0.10557320455256108,-0.24229641992065298,0.09374945088638206,0.10583755733731941,-0.00030742046859928707
8,5,90,89,1,hea95-17,True,-0.3878527804010443,0.1825251644354686,0.20281203731624678,-0.387699967641256,0.18202252086922133,0.20277963376261257,-0.0005026435662472684
9,5,90,90,0,,False,-0.1273808762604718,0.09509798036327767,0.13217862731940788,-0.12421820920965221,0.09830706888659248,0.13550546081206352,0.003209088523314807
10,5,90,90,0,,False,-0.11605393863170166,0.10359691077494668,0.14092334070399273,-0.11886965847500619,0.10262535957404069,0.14019797855813385,-0.0009715512009059873
11,5,90,89,1,hea95-34,True,-0.11605393863170166,0.10176767681663454,0.13972590034894883,-0.11886965847500619,0.10064624562808169,0.13893283231197506,-0.001121431188552846
12,5,90,89,1,hea95-17,True,-0.2911743304467098,0.11413614842710847,0.12818410479609718,-0.2882726404177802,0.11270822260940226,0.12698311196911746,-0.0014279258177062049
13,5,90,90,0,,False,-0.1561087048143679,0.08400996505085447,0.11471484717874382,-0.1622686425183626,0.08464614558396887,0.11304204296867493,0.0006361805331143999
14,5,90,90,0,,False,-0.2911743304467098,0.11193022963380507,0.1262556581201208,-0.2882726404177802,0.11034970743469188,0.12494235902645247,-0.0015805221991131851
15,5,90,90,0,,False,-0.3473680634080356,0.15095775329879876,0.1688374424276096,-0.34484870279122726,0.1486121946463053,0.16704779676045378,-0.0023455586524934735
16,5,90,88,2,hea95-26;hea95-81,True,-0.2911743304467098,0.11414924678602406,0.12820165086530594,-0.2882726404177802,0.11256256670477625,0.12693672315313667,-0.0015866800812478071
17,5,90,89,1,hea95-26,True,-0.15885816861499036,0.08559135784417776,0.11531820579573172,-0.16186084804229184,0.08696974150631936,0.11522787481326598,0.0013783836621416024
18,5,90,90,0,,False,-0.2911743304467098,0.1130667341410144,0.127386168012476,-0.2882726404177802,0.111541489548101,0.12611437589159338,-0.001525244592913394
19,5,90,90,0,,False,-0.3842679312111228,0.18087909570570618,0.20034249190097014,-0.38386248780785115,0.18015985095814474,0.2000717489000172,-0.0007192447475614372
20,5,90,90,0,,False,-0.24160367026733942,0.09115528401827794,0.10254466815258433,-0.24822677988289676,0.09426135967555867,0.10574112739227846,0.0031060756572807297
21,5,90,90,0,,False,-0.285572140154164,0.10987719057000343,0.12321851687321274,-0.28521706305411154,0.1098651410172672,0.1236868205880393,-1.2049552736231872e-05
22,5,90,90,0,,False,-0.2446458639643052,0.09016896993091801,0.10176239776954396,-0.24229641992065298,0.08981858634188795,0.10192643736629894,-0.0003503835890300566
23,5,90,90,0,,False,-0.116821116287531,0.10387291839033815,0.14061437215414005,-0.11886965847500619,0.10350634995649656,0.14043093748551871,-0.00036656843384158533
24,5,90,90,0,,False,-0.2446458639643052,0.09333183819917469,0.10493052084361823,-0.24229641992065298,0.09304259836527509,0.10521261052299569,-0.00028923983389959884
25,5,90,90,0,,False,-0.2446458639643052,0.09172567527221848,0.10318809123568552,-0.24229641992065298,0.0915323810728767,0.10358029214714201,-0.00019329419934177583
26,5,90,90,0,,False,-0.2446458639643052,0.09085988048508434,0.10171924644099428,-0.24229641992065298,0.09052158895440991,0.101823536503687,-0.0003382915306744255
27,5,90,90,0,,False,-0.11605393863170166,0.10449196970964718,0.14115906081712526,-0.11886965847500619,0.1035013410252221,0.14043095208813614,-0.0009906286844250795
28,5,90,90,0,,False,-0.3473680634080356,0.15168929119532162,0.16957484858871805,-0.34484870279122726,0.14951425144729352,0.1679377375053711,-0.0021750397480281014
29,5,90,90,0,,False,-0.285572140154164,0.1097404087370575,0.12328482579802359,-0.28521706305411154,0.10966804950353386,0.123696622249242,-7.235923352363893e-05
30,5,90,89,1,hea95-16,True,-0.2446458639643052,0.09266784759011594,0.10463881398339524,-0.24229641992065298,0.0922387961211659,0.10482663111923521,-0.0004290514689500452
31,5,90,90,0,,False,-0.13283327336873363,0.09275590871751067,0.12934940175338722,-0.1311299083355122,0.09515087906271441,0.13167134309464254,0.002394970345203737
32,5,90,89,1,hea95-29,True,-0.20567754493762624,0.0824599782733119,0.10001158346885784,-0.20729849575249615,0.083850574042765,0.10115264483915665,0.001390595769453093
33,5,90,88,2,hea95-17;hea95-29,True,-0.2911743304467098,0.1143272958436692,0.127570590048452,-0.2882726404177802,0.11272588279249836,0.12632690066550603,-0.0016014130511708413
34,5,90,90,0,,False,-0.17085673897103693,0.08033346108926918,0.10684485676561677,-0.17237101967634283,0.08206291780365003,0.10765532204989497,0.0017294567143808504
35,5,90,89,1,hea95-81,True,-0.2446458639643052,0.09264332614388865,0.10458495886804697,-0.24229641992065298,0.09230676233874321,0.10483518254140697,-0.0003365638051454345
36,5,90,90,0,,False,-0.11605393863170166,0.10089889321044888,0.1375866623979012,-0.11886965847500619,0.09991183208796149,0.13693126494307922,-0.0009870611224873926
37,5,90,90,0,,False,-0.2446458639643052,0.09154482098794621,0.10315247567657337,-0.24229641992065298,0.091280588021807,0.10340333062005974,-0.00026423296613921343
38,5,90,90,0,,False,-0.285572140154164,0.10864360929453461,0.12253319030424734,-0.28521706305411154,0.10860561510244708,0.1229662172853904,-3.799419208752597e-05
39,5,90,87,3,hea95-26;hea95-29;hea95-34,True,-0.2446458639643052,0.09612123271567416,0.10721257918725288,-0.24229641992065298,0.09575029403411361,0.107471276437148,-0.0003709386815605453
40,5,90,88,2,hea95-17;hea95-34,True,-0.2911743304467098,0.11672566823134047,0.12978960467053768,-0.2882726404177802,0.11535601890513342,0.12854560057417486,-0.001369649326207048
41,5,90,90,0,,False,-0.3473680634080356,0.15025822047729023,0.16810163002828662,-0.34484870279122726,0.14793931531500382,0.1662888585571416,-0.0023189051622864165
42,5,90,90,0,,False,-0.285572140154164,0.10957268753518887,0.12346763452593708,-0.28521706305411154,0.10950662878767049,0.12387047059292833,-6.605874751837437e-05
43,5,90,90,0,,False,-0.285572140154164,0.10912212035867154,0.12281204417779595,-0.28521706305411154,0.10909705473851788,0.12324204140236507,-2.506562015365532e-05
44,5,90,89,1,hea95-37,True,-0.2446458639643052,0.09314049368098788,0.10453639289256664,-0.24229641992065298,0.09269517807593927,0.10472852917450028,-0.0004453156050486101
45,5,90,90,0,,False,-0.2911743304467098,0.11200537233613901,0.12625843030883666,-0.2882726404177802,0.11046863306453235,0.12498294411649147,-0.001536739271606663
46,5,90,89,1,hea95-17,True,-0.3473680634080356,0.1539449551375237,0.17135833947825324,-0.34484870279122726,0.15172506823588378,0.16964129690492233,-0.0022198869016399336
47,5,90,88,2,hea95-17;hea95-81,True,-0.2911743304467098,0.11293792600158681,0.12620364639049503,-0.2882726404177802,0.11134493023081254,0.12490150118860437,-0.0015929957707742637
48,5,90,90,0,,False,-0.16402021282675294,0.08311987568435562,0.1118488766200201,-0.16795761608966053,0.08436584256973878,0.11141705565751245,0.0012459668853831568
49,5,90,89,1,hea95-16,True,-0.2911743304467098,0.1152468841119687,0.12838242565800237,-0.2882726404177802,0.11360983275959624,0.12716273247028248,-0.001637051352372465
50,5,90,88,2,hea95-17;hea95-25,True,-0.3878527804010443,0.18925196371005118,0.207966890452376,-0.387699967641256,0.1888423030517015,0.2079776031808641,-0.00040966065834968646
51,5,90,90,0,,False,-0.2446458639643052,0.09401001743125867,0.10540373348567844,-0.24229641992065298,0.09380742600829121,0.10568952619122804,-0.0002025914229674547
52,5,90,90,0,,False,-0.2446458639643052,0.09085719351769059,0.10265422156170695,-0.24229641992065298,0.09053339109214256,0.10287365267002416,-0.0003238024255480254
53,5,90,90,0,,False,-0.11605393863170166,0.10270685542359091,0.14036174029698842,-0.11886965847500619,0.10165835975003977,0.13957359419518386,-0.001048495673551142
54,5,90,89,1,hea95-17,True,-0.3842679312111228,0.18433961938092902,0.20335074227764585,-0.38386248780785115,0.18379318774863262,0.20322266081584803,-0.0005464316322963958
55,5,90,90,0,,False,-0.2911743304467098,0.11449028317507945,0.12763776581407726,-0.2882726404177802,0.1130359458893075,0.1265667607393871,-0.0014543372857719478
56,5,90,90,0,,False,-0.2446458639643052,0.09004992630272497,0.10092229681269649,-0.24229641992065298,0.08965992966683592,0.10096354215573258,-0.0003899966358890533
57,5,90,90,0,,False,-0.285572140154164,0.10939077035998451,0.12241319623653017,-0.28521706305411154,0.109322118467534,0.12281880742158377,-6.865189245051917e-05
58,5,90,89,1,hea95-34,True,-0.3782934152653128,0.17873484321710476,0.19764550368101605,-0.3799117445120481,0.1798847633963636,0.19935031002064627,0.0011499201792588565
59,5,90,89,1,hea95-43,True,-0.20050636898122987,0.07937672257797529,0.0971462694904,-0.2033880526939802,0.08101104387806198,0.09833692542462098,0.0016343213000866857
60,5,90,90,0,,False,-0.285572140154164,0.11162406351642351,0.12458013007373893,-0.28521706305411154,0.11159898579675143,0.12501507757145677,-2.5077719672084164e-05
61,5,90,90,0,,False,-0.3473680634080356,0.1524624468211044,0.17015300044020915,-0.34484870279122726,0.15006286857462528,0.16833911054389775,-0.002399578246479128
62,5,90,90,0,,False,-0.3842679312111228,0.18005424902048364,0.20019479082820507,-0.38386248780785115,0.17936960286694947,0.19999165145983946,-0.0006846461535341686
63,5,90,89,1,hea95-16,True,-0.285572140154164,0.11211093563635854,0.12503271195902363,-0.28521706305411154,0.1120593395294533,0.1255341797676899,-5.159610690524952e-05
64,5,90,90,0,,False,-0.285572140154164,0.10878547589604078,0.12262477916562985,-0.28521706305411154,0.10874312007910106,0.12305627025116908,-4.235581693971813e-05
65,5,90,90,0,,False,-0.11707243347325136,0.10225702066670223,0.13967179179446054,-0.11886965847500619,0.10201024101026432,0.13965153499554445,-0.00024677965643790656
66,5,90,90,0,,False,-0.285572140154164,0.11026285437497779,0.12313291148078166,-0.28521706305411154,0.11024909737702879,0.12363864583274102,-1.3756997949004868e-05
67,5,90,90,0,,False,-0.11605393863170166,0.10141998700851546,0.137724933565866,-0.11886965847500619,0.10038652004614425,0.13710419038583413,-0.0010334669623712073
68,5,90,90,0,,False,-0.3842679312111228,0.18218549507931373,0.20173471185226965,-0.38386248780785115,0.18165567150112222,0.20162699425550343,-0.0005298235781915073
69,5,90,90,0,,False,-0.14946380415770166,0.08461939128672451,0.11680452081409373,-0.14630879643780315,0.08743673568995924,0.11988471386147441,0.0028173444032347367
70,5,90,90,0,,False,-0.11605393863170166,0.10355368406605095,0.14081196779780827,-0.11886965847500619,0.10254900700980743,0.14009292066762954,-0.0010046770562435192
71,5,90,88,2,hea95-16;hea95-43,True,-0.3473680634080356,0.15518109420095846,0.17205871797526381,-0.34484870279122726,0.1529049968787409,0.17029842055806518,-0.002276097322217563
72,5,90,89,1,hea95-43,True,-0.2446458639643052,0.09270675146515804,0.10435924174537853,-0.24229641992065298,0.09248277490192554,0.1046646468847572,-0.00022397656323250303
73,5,90,89,1,hea95-29,True,-0.2446458639643052,0.09388329647212912,0.10561608749953744,-0.24229641992065298,0.09368629829371199,0.1059689300922212,-0.00019699817841713207
74,5,90,89,1,hea95-26,True,-0.2446458639643052,0.09451831079621678,0.10520609603421142,-0.24229641992065298,0.09431692804655765,0.10557189164117466,-0.0002013827496591264
75,5,90,90,0,,False,-0.285572140154164,0.11051856746025504,0.12382961112885085,-0.28521706305411154,0.11047009805041481,0.12429469789469702,-4.846940984022663e-05
76,5,90,89,1,hea95-17,True,-0.2911743304467098,0.11402418047754642,0.1277362432722086,-0.2882726404177802,0.11258586980445852,0.12658997221492588,-0.001438310673087903
77,5,90,90,0,,False,-0.2911743304467098,0.11436994908032577,0.12804312177636962,-0.2882726404177802,0.11304841757318809,0.12699901307590156,-0.0013215315071376799
78,5,90,90,0,,False,-0.13719275861701474,0.08874322888839942,0.1251819722739278,-0.13393795488652804,0.09180236987692911,0.12847350257670892,0.0030591409885296905
79,5,90,89,1,hea95-16,True,-0.285572140154164,0.11150390531161997,0.12468896292803758,-0.28521706305411154,0.1114157746137913,0.12512797030788378,-8.813069782866167e-05
80,5,90,89,1,hea95-17,True,-0.2911743304467098,0.11440441402440782,0.1282889950909452,-0.2882726404177802,0.11295990467217552,0.1270556177181912,-0.0014445093522322955
81,5,90,89,1,hea95-26,True,-0.2446458639643052,0.09482717194206426,0.10616244085592291,-0.24229641992065298,0.09463647486323176,0.10648763057206026,-0.00019069707883249964
82,5,90,89,1,hea95-81,True,-0.2446458639643052,0.09266944807361223,0.10461226058422142,-0.24229641992065298,0.09231785946137938,0.104807002175267,-0.00035158861223284765
83,5,90,90,0,,False,-0.2911743304467098,0.11407141193932349,0.12770801169124793,-0.2882726404177802,0.11255012721056343,0.12650221556030758,-0.001521284728760064
84,5,90,90,0,,False,-0.285572140154164,0.10904974825889022,0.12207549824278734,-0.28521706305411154,0.10891708248221253,0.1224245037018187,-0.00013266577667768453
85,5,90,90,0,,False,-0.116821116287531,0.10152087263679736,0.13926793089251965,-0.11886965847500619,0.10119193971376998,0.1391335083164917,-0.00032893292302738075
86,5,90,90,0,,False,-0.2446458639643052,0.0923733130485524,0.10407001596484476,-0.24229641992065298,0.09207585571230993,0.10430978024314955,-0.0002974573362424654
87,5,90,89,1,hea95-16,True,-0.285572140154164,0.11101432138690544,0.1242836894979224,-0.28521706305411154,0.11093613662178775,0.12473884342808945,-7.818476511768646e-05
88,5,90,89,1,hea95-17,True,-0.22401105552682,0.08672095893016127,0.0999039324568649,-0.23100107187245733,0.08966401213963945,0.10222870575872124,0.002943053209478186
89,5,90,90,0,,False,-0.11707243347325136,0.10271175530921828,0.13991973456586698,-0.11886965847500619,0.10244378126195623,0.13988367712598154,-0.00026797404726204566
90,5,90,90,0,,False,-0.11605393863170166,0.1034404621894896,0.14088454841875558,-0.11886965847500619,0.10243456203595089,0.1401359030472058,-0.0010059001535387135
91,5,90,89,1,hea95-43,True,-0.11707243347325136,0.10220481474185751,0.14035775269639725,-0.11886965847500619,0.10199071218078379,0.1403410326027366,-0.00021410256107372294
92,5,90,89,1,hea95-16,True,-0.285572140154164,0.11068412039224466,0.12388735390412502,-0.28521706305411154,0.11058516350377888,0.1243258266614226,-9.895688846578432e-05
93,5,90,90,0,,False,-0.2911743304467098,0.11278561990367995,0.12628983409231598,-0.2882726404177802,0.11116810458389731,0.12491689888900755,-0.0016175153197826447
94,5,90,90,0,,False,-0.23382657395732487,0.08748533331662765,0.09992880542802855,-0.23560197041188724,0.08865856718069107,0.10138109980642457,0.0011732338640634138
95,5,90,90,0,,False,-0.3473680634080356,0.14958340133500567,0.16767396576534857,-0.34484870279122726,0.1471602976881093,0.165762829278022,-0.0024231036468963796
96,5,90,89,1,hea95-17,True,-0.2911743304467098,0.11396766572022553,0.12744358821475885,-0.2882726404177802,0.11244404029040048,0.1262275482708172,-0.0015236254298250512
97,5,90,90,0,,False,-0.2911743304467098,0.11165088144883765,0.12597842367031353,-0.2882726404177802,0.11015729014168857,0.12474300326616221,-0.0014935913071490864
98,5,90,90,0,,False,-0.3842679312111228,0.18263714044127813,0.20152801886075164,-0.38386248780785115,0.1819418048671288,0.20129078055591126,-0.0006953355741493306
99,5,90,90,0,,False,-0.285572140154164,0.11086500824636523,0.12418531978626787,-0.28521706305411154,0.11076129386061166,0.12459411120491665,-0.00010371438575357272
