dataset,metric,summary,n_splits,mean,sd,minimum,p2_5,q1,median,q3,p97_5,maximum,sd_definition,count_full_lower
HEA-95,test_mae,Stage 1,100,0.111064798260469,0.026596921898513842,0.0785787985205692,0.08257038636098567,0.09264756491550767,0.10871454259528765,0.11322165826783176,0.182422608894345,0.1872119819798035,sample SD (ddof=1),
HEA-95,test_mae,HP-SafeMoE,100,0.11069996096024687,0.026079778757112197,0.0801319368626858,0.08414242486187987,0.09243380037563151,0.10867436759077401,0.11166142383440114,0.18180589151827567,0.1867672074534814,sample SD (ddof=1),
HEA-95,test_mae,HP-SafeMoE minus Stage 1,100,-0.0003648373002220913,0.0012265024284888017,-0.0024231036468964073,-0.0023328982446450923,-0.0013547329517961705,-0.00030540773961715284,-5.7482701757299165e-05,0.0029605164094521153,0.003209088523314793,sample SD (ddof=1),85.0
HEA-95,test_rmse,Stage 1,100,0.12970174064484863,0.027662137662000093,0.0966083502576794,0.10007171098558319,0.1056484104975978,0.12480953652336485,0.13936889611800482,0.20203039559255703,0.2063023201891733,sample SD (ddof=1),
HEA-95,test_rmse,HP-SafeMoE,100,0.12962460827214992,0.02732967432429501,0.0977892863772991,0.10137680708789104,0.10593971856002712,0.12479652253932144,0.1391468074598747,0.20195444275747537,0.2062930087342507,sample SD (ddof=1),
HEA-95,test_rmse,HP-SafeMoE minus Stage 1,100,-7.713237269872164e-05,0.0011197443140759573,-0.0019111364873264924,-0.0018017867142501754,-0.0010930798666690528,7.276770286444856e-05,0.00040640624345239865,0.0031412327983452283,0.0033268334926555843,sample SD (ddof=1),49.0
HEA-95,fitted_shift_log10_e_gpa,Stage 1,100,-0.2526265027662313,0.07724470616049628,-0.3878527804010443,-0.3842679312111228,-0.2911743304467098,-0.285572140154164,-0.2313726943496986,-0.1160539386317016,-0.1160539386317016,sample SD (ddof=1),
HEA-95,fitted_shift_log10_e_gpa,HP-SafeMoE,100,-0.25188202462145787,0.07612873500724353,-0.387699967641256,-0.3838624878078511,-0.2882726404177802,-0.2852170630541115,-0.23445174577702974,-0.1188696584750061,-0.1188696584750061,sample SD (ddof=1),
HEA-95,fitted_shift_log10_e_gpa,HP-SafeMoE minus Stage 1,100,0.0007444781447734687,0.0023886748882998832,-0.006990016345637312,-0.005104233844478336,0.00015281275978829,0.00234944404365231,0.002519360616808408,0.003034681816688276,0.0032548037304866995,sample SD (ddof=1),24.0
B2-18,test_mae,Stage 1,18,0.10434539589874542,0.03878535126728208,0.0726759381877392,0.0726759381877392,0.07681147647691598,0.08118152286555169,0.120732826659568,0.1826424917905956,0.1936939748005163,population SD (ddof=0),
B2-18,test_mae,HP-SafeMoE,18,0.10411461079816368,0.03827659641734771,0.0726327560410216,0.0726327560410216,0.07706786201627883,0.08104016903935754,0.12168529908990876,0.1812548961763576,0.1909098233835987,population SD (ddof=0),
B2-18,test_mae,HP-SafeMoE minus Stage 1,18,-0.00023078510058176238,0.0010699994929054281,-0.002784151416917624,-0.002583597727007977,-0.0007518445830861503,8.317806873599926e-05,0.0004715481150079255,0.0010641574954052722,0.0011422109600841002,population SD (ddof=0),8.0
B2-18,test_rmse,Stage 1,18,0.12278164216852344,0.0380015442966766,0.0913757936522151,0.09146871640738098,0.09642529333798872,0.10045000486335726,0.13884560776621171,0.19949397035379315,0.2090281867039276,population SD (ddof=0),
B2-18,test_rmse,HP-SafeMoE,18,0.12238464942282941,0.03762449508054074,0.0908406773408769,0.09110736555765721,0.09647813832909541,0.10027776949009659,0.1397251062008708,0.19811683910329217,0.206442617355929,population SD (ddof=0),
B2-18,test_rmse,HP-SafeMoE minus Stage 1,18,-0.0003969927456940477,0.0009869897186795967,-0.002585569347998584,-0.0024658489042359306,-0.0010235985930572844,-9.397217839460237e-05,0.00028860586521394643,0.0009290967313342098,0.0010010207391172032,population SD (ddof=0),10.0
B2-18,fitted_shift_log10_e_gpa,Stage 1,18,-0.2464050102243285,0.08832242595913338,-0.4047793575138814,-0.39946592994394425,-0.2906760793997568,-0.24921866363876138,-0.2118550472997685,-0.07574869615333343,-0.0634718118016186,population SD (ddof=0),
B2-18,fitted_shift_log10_e_gpa,HP-SafeMoE,18,-0.24724763581519366,0.08798536585311703,-0.4060959641058346,-0.3998901394532148,-0.29166087235086513,-0.24996514945362236,-0.21245055411333974,-0.07856176531186748,-0.0669439137306837,population SD (ddof=0),
B2-18,fitted_shift_log10_e_gpa,HP-SafeMoE minus Stage 1,18,-0.0008426255908651528,0.0018414950175516687,-0.003472101929065108,-0.003303034676441308,-0.002570783890182615,-0.0010314172023491164,0.0009214276893424467,0.0020785059920029325,0.0024996960958820758,population SD (ddof=0),11.0
