dataset,split_id,stage1_fitted_shift_log10_e_gpa,full_fitted_shift_log10_e_gpa,delta_fitted_shift_log10_e_gpa,stage1_test_mae,full_test_mae,delta_test_mae,stage1_test_rmse,full_test_rmse,delta_test_rmse,stage1_test_max_error,full_test_max_error,delta_test_max_error
HEA-95,0,-0.285572140154164,-0.2852170630541115,0.00035507710005250326,0.109094504053832,0.1090089140331447,-8.559002068730948e-05,0.1229782055610423,0.1233674557512214,0.00038925019017910234,0.2416308837961356,0.2444388515511537,0.002807967755018098
HEA-95,1,-0.2911743304467098,-0.2882726404177802,0.0029016900289295933,0.1135867213214099,0.1120057375412781,-0.0015809837801318005,0.1269327625018406,0.1255549345930268,-0.0013778279088138001,0.2472330740886814,0.2474944289148224,0.00026135482614100813
HEA-95,2,-0.2446458639643052,-0.2422964199206529,0.00234944404365231,0.0911468700399797,0.0909173574950692,-0.00022951254491050677,0.1027841579065561,0.103103255909251,0.0003190980026949036,0.2462153333011145,0.2539775191182229,0.0077621858171084135
HEA-95,3,-0.2911743304467098,-0.2882726404177802,0.0029016900289295933,0.1127812430626641,0.1112846147591268,-0.0014966283035373062,0.1269535878822917,0.1257255606634072,-0.0012280272188844865,0.2472330740886814,0.2474944289148224,0.00026135482614100813
HEA-95,4,-0.2446458639643052,-0.2422964199206529,0.00234944404365231,0.0910473403373053,0.0907439453266703,-0.00030339501063500474,0.1025820993762923,0.1028397306175214,0.0002576312412291004,0.2462153333011145,0.2539775191182229,0.0077621858171084135
HEA-95,5,-0.2446458639643052,-0.2422964199206529,0.00234944404365231,0.0916787774732243,0.0914106387475749,-0.0002681387256494028,0.10324620597911,0.1035188912792014,0.0002726853000914048,0.2462153333011145,0.2539775191182229,0.0077621858171084135
HEA-95,6,-0.1708567389710369,-0.1723710196763428,-0.0015142807053059038,0.0823126403329947,0.0840495019108341,0.0017368615778394075,0.1084551336728578,0.1091931938211333,0.0007380601482754878,0.3200044582943828,0.3239029193625331,0.0038984610681503384
HEA-95,7,-0.2446458639643052,-0.2422964199206529,0.00234944404365231,0.0940568713549813,0.093749450886382,-0.00030742046859930094,0.105573204552561,0.1058375573373194,0.00026435278475839263,0.2462153333011145,0.2539775191182229,0.0077621858171084135
HEA-95,8,-0.3878527804010443,-0.387699967641256,0.00015281275978829,0.1821596211854204,0.1816420401023758,-0.0005175810830445882,0.2022979189766266,0.202250705687831,-4.7213288795616704e-05,0.3439115240430159,0.3469217561382982,0.0030102320952822836
HEA-95,9,-0.1273808762604718,-0.1242182092096522,0.0031626670508195925,0.0950979803632776,0.0983070688865924,0.003209088523314793,0.1321786273194079,0.1355054608120635,0.0033268334926555843,0.363480321004948,0.3720557298292237,0.00857540882427571
HEA-95,10,-0.1160539386317016,-0.1188696584750061,-0.002815719843304504,0.1035969107749466,0.1026253595740406,-0.0009715512009059873,0.1409233407039927,0.1401979785581338,-0.0007253621458589155,0.3748072586337181,0.3774042805638697,0.0025970219301515995
HEA-95,11,-0.1160539386317016,-0.1188696584750061,-0.002815719843304504,0.1024032569792266,0.1013077082948284,-0.0010955486843982065,0.1399542603737406,0.1391867048900237,-0.000767555483716903,0.3748072586337181,0.3774042805638697,0.0025970219301515995
HEA-95,12,-0.2911743304467098,-0.2882726404177802,0.0029016900289295933,0.1134562781332161,0.1119931526318494,-0.0014631255013666938,0.1275921075643275,0.1263784951455375,-0.0012136124187900055,0.2472330740886814,0.2474944289148224,0.00026135482614100813
HEA-95,13,-0.1561087048143679,-0.1622686425183626,-0.0061599377039947,0.0840099650508544,0.0846461455839688,0.0006361805331143999,0.1147148471787438,0.1130420429686749,-0.0016728042100689067,0.3347524924510519,0.3340052965205133,-0.0007471959305385689
HEA-95,14,-0.2911743304467098,-0.2882726404177802,0.0029016900289295933,0.111930229633805,0.1103497074346918,-0.001580522199113199,0.1262556581201208,0.1249423590264524,-0.0013132990936683964,0.2472330740886814,0.2474944289148224,0.00026135482614100813
HEA-95,15,-0.3473680634080356,-0.3448487027912272,0.002519360616808408,0.1509577532987987,0.1486121946463053,-0.002345558652493418,0.1688374424276096,0.1670477967604537,-0.0017896456671558925,0.3034268070500072,0.3040704912882694,0.000643684238262221
HEA-95,16,-0.2911743304467098,-0.2882726404177802,0.0029016900289295933,0.1131989885383058,0.1116379298885523,-0.001561058649753505,0.1272475373231138,0.1259803790064075,-0.0012671583167063183,0.2472330740886814,0.2474944289148224,0.00026135482614100813
HEA-95,17,-0.1588581686149903,-0.1618608480422918,-0.003002679427301508,0.0851031005388673,0.0864648244301568,0.0013617238912894958,0.1147597614788294,0.1146695119632722,-9.024951555719474e-05,0.3320030286504294,0.3344130909965841,0.0024100623461547066
HEA-95,18,-0.2911743304467098,-0.2882726404177802,0.0029016900289295933,0.1130667341410144,0.111541489548101,-0.001525244592913394,0.127386168012476,0.1261143758915933,-0.0012717921208826866,0.2472330740886814,0.2474944289148224,0.00026135482614100813
HEA-95,19,-0.3842679312111228,-0.3838624878078511,0.00040544340327169914,0.1808790957057061,0.1801598509581447,-0.0007192447475613817,0.2003424919009701,0.2000717489000172,-0.0002707430009528944,0.3403266748530944,0.3430842763048933,0.0027576014517988745
HEA-95,20,-0.2416036702673394,-0.2482267798828967,-0.0066231096155573155,0.0911552840182779,0.0942613596755586,0.003106075657280702,0.1025446681525843,0.1057411273922784,0.0031964592396940966,0.2492575269980803,0.2480471591559792,-0.001210367842101101
HEA-95,21,-0.285572140154164,-0.2852170630541115,0.00035507710005250326,0.1098771905700034,0.1098651410172671,-1.2049552736301261e-05,0.1232185168732127,0.1236868205880393,0.00046830371482660393,0.2416308837961356,0.2444388515511537,0.002807967755018098
HEA-95,22,-0.2446458639643052,-0.2422964199206529,0.00234944404365231,0.090168969930918,0.0898185863418879,-0.00035038358903009825,0.1017623977695439,0.1019264373662989,0.00016403959675499735,0.2462153333011145,0.2539775191182229,0.0077621858171084135
HEA-95,23,-0.116821116287531,-0.1188696584750061,-0.0020485421874751053,0.1038729183903381,0.1035063499564965,-0.0003665684338415992,0.14061437215414,0.1404309374855187,-0.0001834346686213073,0.3740400809778887,0.3774042805638697,0.003364199585980998
HEA-95,24,-0.2446458639643052,-0.2422964199206529,0.00234944404365231,0.0933318381991746,0.093042598365275,-0.00028923983389959884,0.1049305208436182,0.1052126105229956,0.0002820896793774008,0.2462153333011145,0.2539775191182229,0.0077621858171084135
HEA-95,25,-0.2446458639643052,-0.2422964199206529,0.00234944404365231,0.0917256752722184,0.0915323810728767,-0.00019329419934169256,0.1031880912356855,0.103580292147142,0.0003922009114565028,0.2462153333011145,0.2539775191182229,0.0077621858171084135
HEA-95,26,-0.2446458639643052,-0.2422964199206529,0.00234944404365231,0.0908598804850843,0.0905215889544099,-0.00033829153067439777,0.1017192464409942,0.101823536503687,0.00010429006269280228,0.2007046076062768,0.2015182084176952,0.0008136008114183746
HEA-95,27,-0.1160539386317016,-0.1188696584750061,-0.002815719843304504,0.1044919697096471,0.103501341025222,-0.0009906286844250933,0.1411590608171252,0.1404309520881361,-0.0007281087289890964,0.3748072586337181,0.3774042805638697,0.0025970219301515995
HEA-95,28,-0.3473680634080356,-0.3448487027912272,0.002519360616808408,0.1516892911953216,0.1495142514472935,-0.0021750397480281014,0.169574848588718,0.167937737505371,-0.0016371110833469926,0.3034268070500072,0.3040704912882694,0.000643684238262221
HEA-95,29,-0.285572140154164,-0.2852170630541115,0.00035507710005250326,0.1097404087370575,0.1096680495035338,-7.235923352369444e-05,0.1232848257980236,0.123696622249242,0.00041179645121838804,0.2416308837961356,0.2444388515511537,0.002807967755018098
HEA-95,30,-0.2446458639643052,-0.2422964199206529,0.00234944404365231,0.0922607441983957,0.0918963177915142,-0.00036442640688148786,0.1042233307976999,0.104443461823092,0.0002201310253921035,0.2462153333011145,0.2539775191182229,0.0077621858171084135
HEA-95,31,-0.1328332733687336,-0.1311299083355122,0.00170336503322141,0.0927559087175106,0.0951508790627144,0.0023949703452037924,0.1293494017533872,0.1316713430946425,0.0023219413412553236,0.3580279238966861,0.3651440307033637,0.0071161068066776245
HEA-95,32,-0.2056775449376262,-0.2072984957524961,-0.0016209508148699037,0.0828552635498178,0.0842451291761936,0.0013898656263758025,0.1002296592334068,0.1013729231996941,0.0011432639662872918,0.2851836523277935,0.2889754432863798,0.003791790958586283
HEA-95,33,-0.2911743304467098,-0.2882726404177802,0.0029016900289295933,0.1127365413763272,0.1111846222417285,-0.001551919134598706,0.1263151582769293,0.1250847791101551,-0.0012303791667742092,0.2472330740886814,0.2474944289148224,0.00026135482614100813
HEA-95,34,-0.1708567389710369,-0.1723710196763428,-0.0015142807053059038,0.0803334610892691,0.08206291780365,0.0017294567143809059,0.1068448567656167,0.1076553220498949,0.0008104652842782084,0.3200044582943828,0.3239029193625331,0.0038984610681503384
HEA-95,35,-0.2446458639643052,-0.2422964199206529,0.00234944404365231,0.0927099087011158,0.0924255700096763,-0.00028433869143949797,0.1045207169643693,0.1048149621755088,0.0002942452111394933,0.2462153333011145,0.2539775191182229,0.0077621858171084135
HEA-95,36,-0.1160539386317016,-0.1188696584750061,-0.002815719843304504,0.1008988932104488,0.0999118320879614,-0.0009870611224874065,0.1375866623979012,0.1369312649430792,-0.0006553974548220154,0.3748072586337181,0.3774042805638697,0.0025970219301515995
HEA-95,37,-0.2446458639643052,-0.2422964199206529,0.00234944404365231,0.0915448209879462,0.091280588021807,-0.00026423296613919955,0.1031524756765733,0.1034033306200597,0.0002508549434863949,0.2462153333011145,0.2539775191182229,0.0077621858171084135
HEA-95,38,-0.285572140154164,-0.2852170630541115,0.00035507710005250326,0.1086436092945346,0.108605615102447,-3.799419208759536e-05,0.1225331903042473,0.1229662172853904,0.00043302698114310034,0.2416308837961356,0.2444388515511537,0.002807967755018098
HEA-95,39,-0.2446458639643052,-0.2422964199206529,0.00234944404365231,0.094623689349958,0.0943366409363042,-0.00028704841365380374,0.1058902728719201,0.1061884124243737,0.0002981395524535996,0.2462153333011145,0.2539775191182229,0.0077621858171084135
HEA-95,40,-0.2911743304467098,-0.2882726404177802,0.0029016900289295933,0.1148995236299982,0.1134322964954319,-0.0014672271345662902,0.1284719753617349,0.1272151500669939,-0.0012568252947409986,0.2472330740886814,0.2474944289148224,0.00026135482614100813
HEA-95,41,-0.3473680634080356,-0.3448487027912272,0.002519360616808408,0.1502582204772902,0.1479393153150038,-0.0023189051622864165,0.1681016300282866,0.1662888585571416,-0.0018127714711450027,0.3034268070500072,0.3040704912882694,0.000643684238262221
HEA-95,42,-0.285572140154164,-0.2852170630541115,0.00035507710005250326,0.1095726875351888,0.1095066287876704,-6.605874751840213e-05,0.123467634525937,0.1238704705929283,0.00040283606699130503,0.2416308837961356,0.2444388515511537,0.002807967755018098
HEA-95,43,-0.285572140154164,-0.2852170630541115,0.00035507710005250326,0.1091221203586715,0.1090970547385178,-2.5065620153696955e-05,0.1228120441777959,0.123242041402365,0.00042999722456910083,0.2416308837961356,0.2444388515511537,0.002807967755018098
HEA-95,44,-0.2446458639643052,-0.2422964199206529,0.00234944404365231,0.0924605335586833,0.092090642641698,-0.00036989091698530485,0.1040085325820211,0.1042232466486171,0.00021471406659599734,0.2462153333011145,0.2539775191182229,0.0077621858171084135
HEA-95,45,-0.2911743304467098,-0.2882726404177802,0.0029016900289295933,0.112005372336139,0.1104686330645323,-0.0015367392716066908,0.1262584303088366,0.1249829441164914,-0.0012754861923452016,0.2472330740886814,0.2474944289148224,0.00026135482614100813
HEA-95,46,-0.3473680634080356,-0.3448487027912272,0.002519360616808408,0.1534471395797526,0.1512051006666306,-0.0022420389131219964,0.1707916028475949,0.1690584047088625,-0.0017331981387324058,0.3034268070500072,0.3040704912882694,0.000643684238262221
HEA-95,47,-0.2911743304467098,-0.2882726404177802,0.0029016900289295933,0.1115954733325374,0.110041433524075,-0.0015540398084624013,0.1250389429729908,0.1237570845359541,-0.0012818584370367092,0.2172280453468524,0.2124818043701961,-0.004746240976656296
HEA-95,48,-0.1640202128267529,-0.1679576160896605,-0.003937403262907618,0.0831198756843556,0.0843658425697387,0.0012459668853831013,0.1118488766200201,0.1114170556575124,-0.00043182096250769797,0.3268409844386668,0.3283163229492154,0.001475338510548596
HEA-95,49,-0.2911743304467098,-0.2882726404177802,0.0029016900289295933,0.1140719195757568,0.1125190515728828,-0.0015528680028739916,0.127671124979957,0.1264647718216067,-0.0012063531583502984,0.2472330740886814,0.2474944289148224,0.00026135482614100813
HEA-95,50,-0.3878527804010443,-0.387699967641256,0.00015281275978829,0.1872119819798035,0.1867672074534814,-0.00044477452632207815,0.2063023201891733,0.2062930087342507,-9.311454922611428e-06,0.3439115240430159,0.3469217561382982,0.0030102320952822836
HEA-95,51,-0.2446458639643052,-0.2422964199206529,0.00234944404365231,0.0940100174312586,0.0938074260082912,-0.00020259142296739918,0.1054037334856784,0.105689526191228,0.0002857927055495979,0.2462153333011145,0.2539775191182229,0.0077621858171084135
HEA-95,52,-0.2446458639643052,-0.2422964199206529,0.00234944404365231,0.0908571935176905,0.0905333910921425,-0.00032380242554799765,0.1026542215617069,0.1028736526700241,0.00021943110831720847,0.2462153333011145,0.2539775191182229,0.0077621858171084135
HEA-95,53,-0.1160539386317016,-0.1188696584750061,-0.002815719843304504,0.1027068554235909,0.1016583597500397,-0.0010484956735511974,0.1403617402969884,0.1395735941951838,-0.0007881461018045821,0.3748072586337181,0.3774042805638697,0.0025970219301515995
HEA-95,54,-0.3842679312111228,-0.3838624878078511,0.00040544340327169914,0.1839140838627099,0.1833503942405336,-0.0005636896221763166,0.2028029631442978,0.2026592726743227,-0.0001436904699750885,0.3403266748530944,0.3430842763048933,0.0027576014517988745
HEA-95,55,-0.2911743304467098,-0.2882726404177802,0.0029016900289295933,0.1144902831750794,0.1130359458893075,-0.0014543372857718923,0.1276377658140772,0.1265667607393871,-0.0010710050746901012,0.2472330740886814,0.2474944289148224,0.00026135482614100813
HEA-95,56,-0.2446458639643052,-0.2422964199206529,0.00234944404365231,0.0900499263027249,0.0896599296668358,-0.0003899966358891088,0.1009222968126964,0.1009635421557325,4.124534303609484e-05,0.2007046076062768,0.2015182084176952,0.0008136008114183746
HEA-95,57,-0.285572140154164,-0.2852170630541115,0.00035507710005250326,0.1093907703599845,0.109322118467534,-6.865189245050529e-05,0.1224131962365301,0.1228188074215837,0.0004056111850535976,0.2116258550543066,0.2110568759847644,-0.0005689790695421748
HEA-95,58,-0.3782934152653128,-0.3799117445120481,-0.0016183292467353283,0.1778963403500667,0.1790067571408679,0.0011104167908011775,0.1968456226301242,0.1985246189686099,0.0016789963384856998,0.3343521589072846,0.3391335330090905,0.004781374101805902
HEA-95,59,-0.2005063689812298,-0.2033880526939802,-0.0028816837127503825,0.0785787985205692,0.0801319368626858,0.0015531383421165945,0.0966083502576794,0.0977892863772991,0.0011809361196196966,0.2903548282841899,0.2928858863448957,0.002531058060705804
HEA-95,60,-0.285572140154164,-0.2852170630541115,0.00035507710005250326,0.1116240635164235,0.1115989857967514,-2.5077719672098042e-05,0.1245801300737389,0.1250150775714567,0.0004349474977177886,0.2416308837961356,0.2444388515511537,0.002807967755018098
HEA-95,61,-0.3473680634080356,-0.3448487027912272,0.002519360616808408,0.1524624468211043,0.1500628685746252,-0.0023995782464791005,0.1701530004402091,0.1683391105438977,-0.0018138898963113992,0.3034268070500072,0.3040704912882694,0.000643684238262221
HEA-95,62,-0.3842679312111228,-0.3838624878078511,0.00040544340327169914,0.1800542490204836,0.1793696028669494,-0.0006846461535341963,0.200194790828205,0.1999916514598394,-0.0002031393683655791,0.3403266748530944,0.3430842763048933,0.0027576014517988745
HEA-95,63,-0.285572140154164,-0.2852170630541115,0.00035507710005250326,0.1110330615309039,0.1110197369048934,-1.3324626010502438e-05,0.1243463359942452,0.1248500418124807,0.0005037058182355003,0.2416308837961356,0.2444388515511537,0.002807967755018098
HEA-95,64,-0.285572140154164,-0.2852170630541115,0.00035507710005250326,0.1087854758960407,0.108743120079101,-4.235581693970425e-05,0.1226247791656298,0.1230562702511691,0.00043149108553929005,0.2416308837961356,0.2444388515511537,0.002807967755018098
HEA-95,65,-0.1170724334732513,-0.1188696584750061,-0.0017972250017548042,0.1022570206667022,0.1020102410102643,-0.0002467796564378927,0.1396717917944605,0.1396515349955444,-2.025679891609622e-05,0.3737887637921684,0.3774042805638697,0.0036155167717012993
HEA-95,66,-0.285572140154164,-0.2852170630541115,0.00035507710005250326,0.1102628543749777,0.1102490973770288,-1.3756997948893845e-05,0.1231329114807816,0.123638645832741,0.0005057343519593999,0.2416308837961356,0.2444388515511537,0.002807967755018098
HEA-95,67,-0.1160539386317016,-0.1188696584750061,-0.002815719843304504,0.1014199870085154,0.1003865200461442,-0.0010334669623711934,0.137724933565866,0.1371041903858341,-0.0006207431800318852,0.3748072586337181,0.3774042805638697,0.0025970219301515995
HEA-95,68,-0.3842679312111228,-0.3838624878078511,0.00040544340327169914,0.1821854950793137,0.1816556715011222,-0.0005298235781915073,0.2017347118522696,0.2016269942555034,-0.00010771759676619919,0.3403266748530944,0.3430842763048933,0.0027576014517988745
HEA-95,69,-0.1494638041577016,-0.1463087964378031,0.003155007719898517,0.0846193912867245,0.0874367356899592,0.002817344403234709,0.1168045208140937,0.1198847138614744,0.0030801930473806916,0.3413973931077181,0.3499651426010728,0.008567749493354704
HEA-95,70,-0.1160539386317016,-0.1188696584750061,-0.002815719843304504,0.1035536840660509,0.1025490070098074,-0.0010046770562434915,0.1408119677978082,0.1400929206676295,-0.0007190471301787016,0.3748072586337181,0.3774042805638697,0.0025970219301515995
HEA-95,71,-0.3473680634080356,-0.3448487027912272,0.002519360616808408,0.1537992009312015,0.151514949992781,-0.0022842509384204956,0.1708395635463529,0.1690926230940989,-0.0017469404522540144,0.3034268070500072,0.3040704912882694,0.000643684238262221
HEA-95,72,-0.2446458639643052,-0.2422964199206529,0.00234944404365231,0.09208307575523,0.0918664880111537,-0.00021658774407630477,0.1038494406052395,0.1041546667384688,0.00030522613322930825,0.2462153333011145,0.2539775191182229,0.0077621858171084135
HEA-95,73,-0.2446458639643052,-0.2422964199206529,0.00234944404365231,0.0937186746683517,0.0935827017780394,-0.0001359728903122942,0.105357861061556,0.1057531144368791,0.0003952533753231041,0.2462153333011145,0.2539775191182229,0.0077621858171084135
HEA-95,74,-0.2446458639643052,-0.2422964199206529,0.00234944404365231,0.0939585461760707,0.0937012773707811,-0.00025726880528960383,0.1047233928140103,0.1050638231509348,0.000340430336924491,0.2462153333011145,0.2539775191182229,0.0077621858171084135
HEA-95,75,-0.285572140154164,-0.2852170630541115,0.00035507710005250326,0.110518567460255,0.1104700980504148,-4.8469409840198874e-05,0.1238296111288508,0.124294697894697,0.00046508676584620934,0.2416308837961356,0.2444388515511537,0.002807967755018098
HEA-95,76,-0.2911743304467098,-0.2882726404177802,0.0029016900289295933,0.1133455542719825,0.1118721593025162,-0.001473394969466288,0.1271471688889823,0.1259878646463764,-0.0011593042426059075,0.2472330740886814,0.2474944289148224,0.00026135482614100813
HEA-95,77,-0.2911743304467098,-0.2882726404177802,0.0029016900289295933,0.1143699490803257,0.1130484175731881,-0.0013215315071375966,0.1280431217763696,0.1269990130759015,-0.0010441087004680882,0.2472330740886814,0.2474944289148224,0.00026135482614100813
HEA-95,78,-0.1371927586170147,-0.133937954886528,0.0032548037304866995,0.0887432288883994,0.0918023698769291,0.0030591409885296905,0.1251819722739278,0.1284735025767089,0.0032915303027810927,0.353668438648405,0.3623359841523479,0.008667545503942886
HEA-95,79,-0.285572140154164,-0.2852170630541115,0.00035507710005250326,0.1104327759875513,0.1103833227105165,-4.9453277034802734e-05,0.1240045301060012,0.1244461447863546,0.00044161468035340545,0.2416308837961356,0.2444388515511537,0.002807967755018098
HEA-95,80,-0.2911743304467098,-0.2882726404177802,0.0029016900289295933,0.1137215630016565,0.1122420382272586,-0.0014795247743979029,0.1276963137517486,0.1264505383345706,-0.0012457754171780189,0.2472330740886814,0.2474944289148224,0.00026135482614100813
HEA-95,81,-0.2446458639643052,-0.2422964199206529,0.00234944404365231,0.0942639755314088,0.09401727366727,-0.00024670186413880413,0.1056734791459434,0.1059737723009297,0.0003002931549863086,0.2462153333011145,0.2539775191182229,0.0077621858171084135
HEA-95,82,-0.2446458639643052,-0.2422964199206529,0.00234944404365231,0.0927357403871758,0.0924365438309499,-0.00029919655622590025,0.1045477319571149,0.1047870895887461,0.0002393576316311874,0.2462153333011145,0.2539775191182229,0.0077621858171084135
HEA-95,83,-0.2911743304467098,-0.2882726404177802,0.0029016900289295933,0.1140714119393234,0.1125501272105634,-0.0015212847287599945,0.1277080116912479,0.1265022155603075,-0.0012057961309404064,0.2472330740886814,0.2474944289148224,0.00026135482614100813
HEA-95,84,-0.285572140154164,-0.2852170630541115,0.00035507710005250326,0.1090497482588902,0.1089170824822125,-0.0001326657766776984,0.1220754982427873,0.1224245037018187,0.00034900545903140956,0.2116258550543066,0.2110568759847644,-0.0005689790695421748
HEA-95,85,-0.116821116287531,-0.1188696584750061,-0.0020485421874751053,0.1015208726367973,0.1011919397137699,-0.00032893292302739463,0.1392679308925196,0.1391335083164917,-0.0001344225760278872,0.3740400809778887,0.3774042805638697,0.003364199585980998
HEA-95,86,-0.2446458639643052,-0.2422964199206529,0.00234944404365231,0.0923733130485524,0.0920758557123099,-0.00029745733624249315,0.1040700159648447,0.1043097802431495,0.0002397642783047993,0.2462153333011145,0.2539775191182229,0.0077621858171084135
HEA-95,87,-0.285572140154164,-0.2852170630541115,0.00035507710005250326,0.1099486318842225,0.1099090140295352,-3.961785468729884e-05,0.1236015478030087,0.1240592333957619,0.00045768559275320697,0.2416308837961356,0.2444388515511537,0.002807967755018098
HEA-95,88,-0.22401105552682,-0.2310010718724573,-0.006990016345637312,0.0859153421969716,0.0887668524927064,0.0028515102957347993,0.099358659982306,0.1016635298459125,0.002304869863606493,0.2668501417385998,0.2652728671664186,-0.0015772745721811532
HEA-95,89,-0.1170724334732513,-0.1188696584750061,-0.0017972250017548042,0.1027117553092182,0.1024437812619562,-0.00026797404726199014,0.1399197345658669,0.1398836771259815,-3.605743988541188e-05,0.3737887637921684,0.3774042805638697,0.0036155167717012993
HEA-95,90,-0.1160539386317016,-0.1188696584750061,-0.002815719843304504,0.1034404621894896,0.1024345620359508,-0.0010059001535387968,0.1408845484187555,0.1401359030472058,-0.0007486453715496999,0.3748072586337181,0.3774042805638697,0.0025970219301515995
HEA-95,91,-0.1170724334732513,-0.1188696584750061,-0.0017972250017548042,0.1020802889438303,0.1018175910089215,-0.00026269793490879545,0.139905012687343,0.1398560981924087,-4.8914494934299e-05,0.3737887637921684,0.3774042805638697,0.0036155167717012993
HEA-95,92,-0.285572140154164,-0.2852170630541115,0.00035507710005250326,0.1096220997895024,0.1095619406128376,-6.0159176664797975e-05,0.1232074530189854,0.1236485684612233,0.000441115442237891,0.2416308837961356,0.2444388515511537,0.002807967755018098
HEA-95,93,-0.2911743304467098,-0.2882726404177802,0.0029016900289295933,0.1127856199036799,0.1111681045838973,-0.001617515319782603,0.1262898340923159,0.1249168988890075,-0.0013729352033083897,0.2472330740886814,0.2474944289148224,0.00026135482614100813
HEA-95,94,-0.2338265739573248,-0.2356019704118872,-0.0017753964545624001,0.0874853333166276,0.088658567180691,0.0011732338640634,0.0999288054280285,0.1013810998064245,0.0014522943783960018,0.2570346233080949,0.2606719686269887,0.0036373453188938143
HEA-95,95,-0.3473680634080356,-0.3448487027912272,0.002519360616808408,0.1495834013350057,0.1471602976881093,-0.0024231036468964073,0.1676739657653485,0.165762829278022,-0.0019111364873264924,0.3034268070500072,0.3040704912882694,0.000643684238262221
HEA-95,96,-0.2911743304467098,-0.2882726404177802,0.0029016900289295933,0.1132896674564096,0.1117319056719477,-0.001557761784461903,0.1268564253884334,0.1256277556688128,-0.001228669719620601,0.2472330740886814,0.2474944289148224,0.00026135482614100813
HEA-95,97,-0.2911743304467098,-0.2882726404177802,0.0029016900289295933,0.1116508814488376,0.1101572901416885,-0.0014935913071491003,0.1259784236703135,0.1247430032661622,-0.0012354204041513106,0.2472330740886814,0.2474944289148224,0.00026135482614100813
HEA-95,98,-0.3842679312111228,-0.3838624878078511,0.00040544340327169914,0.1826371404412781,0.1819418048671288,-0.0006953355741493028,0.2015280188607516,0.2012907805559112,-0.00023723830484040365,0.3403266748530944,0.3430842763048933,0.0027576014517988745
HEA-95,99,-0.285572140154164,-0.2852170630541115,0.00035507710005250326,0.1108650082463652,0.1107612938606116,-0.0001037143857535866,0.1241853197862678,0.1245941112049166,0.00040879141864880175,0.2416308837961356,0.2444388515511537,0.002807967755018098
B2-18,0,-0.3122235792234247,-0.3097238831275426,0.0024996960958820758,0.094541512823415,0.0922292524415789,-0.002312260381836101,0.1133430059969235,0.1110391318107194,-0.002303874186204105,0.248751767421806,0.2427799693968588,-0.005971798024947184
B2-18,1,-0.0634718118016186,-0.0669439137306837,-0.003472101929065108,0.1936939748005163,0.1909098233835987,-0.002784151416917624,0.2090281867039276,0.206442617355929,-0.002585569347998584,0.3413075457122627,0.3391520503751508,-0.0021554953371119012
B2-18,2,-0.214083832952642,-0.2129072191305825,0.0011766138220594968,0.0778947399380112,0.0785268996217382,0.0006321596837269988,0.0967772365358042,0.0971876289642669,0.0004103924284627053,0.1906955245612394,0.193188744975252,0.00249322041401262
B2-18,3,-0.2353323373180966,-0.2338236767607537,0.0015086605573429168,0.0728950918520218,0.0733623922978446,0.00046730044582279917,0.091594435429076,0.0915838706124347,-1.0564816641300823e-05,0.171860525516478,0.1722722873450808,0.0004117618286027802
B2-18,4,-0.1818644216075196,-0.180896901771614,0.0009675198359055948,0.0963263085909202,0.0972848643399953,0.0009585557490750934,0.1125621640312048,0.1133939518108326,0.0008317877796278073,0.2229149359063618,0.2251990623342206,0.0022841264278588014
B2-18,5,-0.2371951434644987,-0.2400255849437496,-0.002830441479250906,0.0726759381877392,0.0726327560410216,-4.3182146717599124e-05,0.0913757936522151,0.0908406773408769,-0.0005351163113381935,0.1737233316628801,0.1730816712130658,-0.0006416604498142853
B2-18,6,-0.2118983194945616,-0.2149726161233354,-0.003074296628773815,0.0786660976290983,0.0777979359772372,-0.0008681616518610991,0.0975729372387274,0.0964352348981064,-0.001137702340620994,0.1928810380193197,0.1911233479824992,-0.0017576900368204973
B2-18,7,-0.2937416621892486,-0.2944878900019936,-0.0007462278127450261,0.0836697969209584,0.0832669035441971,-0.0004028933767613041,0.1031130082048709,0.1027604844969818,-0.0003525237078891019,0.2302698503876299,0.2275439762713098,-0.0027258741163201095
B2-18,8,-0.3922771749963822,-0.3914940237467292,0.0007831512496530024,0.1559237253489391,0.1544493449109324,-0.0014743804380067116,0.1754710817278569,0.1738613393823186,-0.0016097423455382898,0.3288053631947636,0.3245501100160455,-0.00425525317871811
B2-18,9,-0.4047793575138814,-0.4060959641058346,-0.0013166065919532066,0.1676904853654088,0.168192347601855,0.0005018622364462155,0.1865947364683172,0.1868525508791365,0.00025781441081929035,0.3413075457122627,0.3391520503751508,-0.0021554953371119012
B2-18,10,-0.2612421838130241,-0.2599047139634951,0.0013374698495289827,0.0726759381877392,0.0726327560410216,-4.3182146717599124e-05,0.0921564742398168,0.0914681790274188,-0.0006882952123979935,0.1977703720114054,0.1929608002328113,-0.004809571778594091
B2-18,11,-0.3508499431671728,-0.3532440814723443,-0.002394138305171545,0.1218071814895901,0.1229493924496742,0.0011422109600841002,0.1407485678550799,0.1417495885941971,0.0010010207391172032,0.2873781313655541,0.2863001677416605,-0.0010779636238936185
B2-18,12,-0.2614232188542424,-0.264472991292072,-0.003049772437829612,0.0726972364278826,0.0731702004326189,0.00047296400473630096,0.0921875183970942,0.0922549136459631,6.739524886889559e-05,0.1979514070526238,0.1975290775613882,-0.00042232949123557906
B2-18,13,-0.2814793310312815,-0.2831798193974797,-0.0017004883661982384,0.0778992881407386,0.0779454585538376,4.617041309899761e-05,0.0977870015218436,0.0977950544832114,8.052961367799316e-06,0.2180075192296628,0.2162359056667959,-0.0017716135628668972
B2-18,14,-0.2118406232348375,-0.2122983324409255,-0.00045770920608800836,0.078693248810145,0.078813434534518,0.0001201857243730009,0.0975945574527554,0.0974171779126075,-0.0001773795401479039,0.1929387342790438,0.193797631664909,0.0008588973858651983
B2-18,15,-0.2773741158260829,-0.2800037815779359,-0.002629665751852972,0.0764503886565509,0.0768245040292927,0.0003741153727417901,0.0963079789387169,0.0966068486220624,0.00029886968334549846,0.2139023040244643,0.2130598678472521,-0.0008424361772122191
B2-18,16,-0.0923585985115358,-0.0942800350981749,-0.001921436586639097,0.1665064108382414,0.1651817091553717,-0.001324701682869689,0.1827181471395846,0.1815827807529742,-0.0011353663866103814,0.3124207590023455,0.3118159290076596,-0.0006048299946859181
B2-18,17,-0.1518545290378625,-0.1517020159882398,0.0001525130496227156,0.1175097621695017,0.1178930190106124,0.00038325684111070735,0.1331367274996072,0.133651659020892,0.0005149315212847894,0.2529248284760188,0.2543939481175947,0.0014691196415758667
