expert_index,source_task,expert_id,provider,scientific_input_modality,stage1_representation_kind,stage1_hidden_dim,hidden_source_or_feature_recipe,stage2_consumed_fields,stage2_token_dim,stage2_task_embedding_dim,stage2_dynamic_paths,raw_posthoc_descriptor_scope
0,steels,tpot_mat_steels_anchor,tpot_mat,steels_14_element_composition,task_trained_hidden,103,three_stacking_predictions_plus_xgboost_leaf_path,prediction + hidden + uncertainty + availability mask,128,32,data attention + learned task-source relation attention,composition statistics + elemental chemistry + structure geometry/density + symmetry
1,expt_gap,mattervial_expt_gap_anchor,mattervial_modnet,composition_or_structure_official_mattervial_features,task_trained_hidden,40,provider_penultimate_hidden,prediction + hidden + uncertainty + availability mask,128,32,data attention + learned task-source relation attention,composition statistics + elemental chemistry + structure geometry/density + symmetry
2,glass,anchorboost_glass_anchor,anchorboost,enriched_composition_descriptors,task_trained_hidden,512,provider_penultimate_hidden,prediction + hidden + uncertainty + availability mask,128,32,data attention + learned task-source relation attention,composition statistics + elemental chemistry + structure geometry/density + symmetry
3,expt_is_metal,mattervial_expt_is_metal_anchor,mattervial_modnet,composition_or_structure_official_mattervial_features,task_trained_hidden,160,provider_penultimate_hidden,prediction + hidden + uncertainty + availability mask,128,32,data attention + learned task-source relation attention,composition statistics + elemental chemistry + structure geometry/density + symmetry
4,jdft2d,jmp_l_jdft2d_anchor,jmp_l,periodic_crystal_structure,task_trained_hidden,256,gemnet_oc_final_atom_energy_embedding_before_task_head,prediction + hidden + uncertainty + availability mask,128,32,data attention + learned task-source relation attention,composition statistics + elemental chemistry + structure geometry/density + symmetry
5,dielectric,mattervial_dielectric_anchor,mattervial_modnet,composition_or_structure_official_mattervial_features,task_trained_hidden,160,provider_penultimate_hidden,prediction + hidden + uncertainty + availability mask,128,32,data attention + learned task-source relation attention,composition statistics + elemental chemistry + structure geometry/density + symmetry
6,log_kvrh,mattervial_log_kvrh_anchor,mattervial_modnet,composition_or_structure_official_mattervial_features,task_trained_hidden,160,provider_penultimate_hidden,prediction + hidden + uncertainty + availability mask,128,32,data attention + learned task-source relation attention,composition statistics + elemental chemistry + structure geometry/density + symmetry
7,log_gvrh,mattervial_log_gvrh_anchor,mattervial_modnet,composition_or_structure_official_mattervial_features,task_trained_hidden,160,provider_penultimate_hidden,prediction + hidden + uncertainty + availability mask,128,32,data attention + learned task-source relation attention,composition statistics + elemental chemistry + structure geometry/density + symmetry
8,perovskites,jmp_l_perovskites_anchor,jmp_l,periodic_crystal_structure,task_trained_hidden,256,gemnet_oc_final_atom_energy_embedding_before_task_head,prediction + hidden + uncertainty + availability mask,128,32,data attention + learned task-source relation attention,composition statistics + elemental chemistry + structure geometry/density + symmetry
9,phonons,jmp_l_phonons_anchor,jmp_l,periodic_crystal_structure,task_trained_hidden,256,gemnet_oc_final_atom_energy_embedding_before_task_head,prediction + hidden + uncertainty + availability mask,128,32,data attention + learned task-source relation attention,composition statistics + elemental chemistry + structure geometry/density + symmetry
10,mp_gap,jmp_l_mp_gap_anchor,jmp_l,periodic_crystal_structure,task_trained_hidden,256,gemnet_oc_final_atom_energy_embedding_before_task_head,prediction + hidden + uncertainty + availability mask,128,32,data attention + learned task-source relation attention,composition statistics + elemental chemistry + structure geometry/density + symmetry
11,mp_is_metal,mattervial_mp_is_metal_anchor,mattervial_modnet,composition_or_structure_official_mattervial_features,task_trained_hidden,40,provider_penultimate_hidden,prediction + hidden + uncertainty + availability mask,128,32,data attention + learned task-source relation attention,composition statistics + elemental chemistry + structure geometry/density + symmetry
12,mp_e_form,jmp_l_mp_e_form_anchor,jmp_l,periodic_crystal_structure,task_trained_hidden,256,gemnet_oc_final_atom_energy_embedding_before_task_head,prediction + hidden + uncertainty + availability mask,128,32,data attention + learned task-source relation attention,composition statistics + elemental chemistry + structure geometry/density + symmetry
