task,endpoint,n_samples,n_raw_design_columns,official_fold_cv_r2,official_fold_cv_spearman,official_fold_cv_mae,median_inner_selected_alpha,full_sample_selected_alpha,surrogate_baseline,fidelity_class,interpretation
steels,stage1_anchor_prediction,312,54,0.43317148399624494,0.6441618503961634,141.93686568977375,10.0,10.0,1422.2001397548577,low,linear_shap_for_raw_descriptor_surrogate
steels,hpsafemoe_prediction,312,54,0.43317148399624494,0.6441618503961634,141.93686568977375,10.0,10.0,1422.2001397548577,low,linear_shap_for_raw_descriptor_surrogate
steels,stage2_correction,312,54,,,0.0,,,0.0,low,linear_shap_for_raw_descriptor_surrogate
steels,benefit_gate_probability,312,54,-0.2641111372400309,-0.6193788182785851,0.18656952417361708,10000.0,10000.0,0.5959599158392311,low,linear_shap_for_raw_descriptor_surrogate
steels,realized_local_gain,312,54,,,0.0,,,0.0,low,linear_shap_for_raw_descriptor_surrogate
expt_gap,stage1_anchor_prediction,1500,54,0.39736397005135093,0.650352000012334,0.7016683654127603,0.03162277660168379,0.03162277660168379,0.9168073683590983,low,linear_shap_for_raw_descriptor_surrogate
expt_gap,hpsafemoe_prediction,1500,54,0.37870555805113526,0.5878055245072629,0.7725156391317072,0.1,0.1,0.9678174293644085,low,linear_shap_for_raw_descriptor_surrogate
expt_gap,stage2_correction,1500,54,-0.026349035459629855,-0.056485276349663695,0.22452424727705753,3162.2776601683795,3162.2776601683795,0.05101006100531,low,linear_shap_for_raw_descriptor_surrogate
expt_gap,benefit_gate_probability,1500,54,0.17682703131429867,0.4719551679800747,0.08839805963737482,31.622776601683793,10.0,0.5031940725644429,low,linear_shap_for_raw_descriptor_surrogate
expt_gap,realized_local_gain,1500,54,0.01552056128342838,0.04707425384406444,0.19796885132235256,1000.0,1000.0,0.06986062774233243,low,linear_shap_for_raw_descriptor_surrogate
glass,stage1_anchor_prediction,1500,54,0.327014473265952,0.6046337549483356,0.2848103411599431,0.31622776601683794,0.31622776601683794,0.560510854772913,low,linear_shap_for_raw_descriptor_surrogate
glass,hpsafemoe_prediction,1500,54,0.327014473265952,0.6046337549483356,0.2848103411599431,0.31622776601683794,0.31622776601683794,0.560510854772913,low,linear_shap_for_raw_descriptor_surrogate
glass,stage2_correction,1500,54,,,0.0,,,0.0,low,linear_shap_for_raw_descriptor_surrogate
glass,benefit_gate_probability,1500,54,,,0.0,,,1.0,low,linear_shap_for_raw_descriptor_surrogate
glass,realized_local_gain,1500,54,,,0.0,,,0.0,low,linear_shap_for_raw_descriptor_surrogate
expt_is_metal,stage1_anchor_prediction,1500,54,0.6426791866970925,0.8259720689766468,0.21818530804500655,0.01,0.01,0.4785709598475063,moderate,linear_shap_for_raw_descriptor_surrogate
expt_is_metal,hpsafemoe_prediction,1500,54,0.641889493690927,0.8195032833347927,0.22194435705475807,0.01,0.01,0.47507168382369536,moderate,linear_shap_for_raw_descriptor_surrogate
expt_is_metal,stage2_correction,1500,54,-0.005396658254429587,-0.13633148459177094,0.03256878284711673,10000.0,10000.0,-0.0034992760238109475,low,linear_shap_for_raw_descriptor_surrogate
expt_is_metal,benefit_gate_probability,1500,54,,,0.0,,,1.0,low,linear_shap_for_raw_descriptor_surrogate
expt_is_metal,realized_local_gain,1500,54,-0.0008719877408858157,0.08645944109308495,0.11698281000646832,3162.2776601683795,3162.2776601683795,0.04191739515017029,low,linear_shap_for_raw_descriptor_surrogate
jdft2d,stage1_anchor_prediction,636,59,0.5536845749218959,0.7237257171590852,30.482600360614256,31.622776601683793,31.622776601683793,99.2837993513863,moderate,linear_shap_for_raw_descriptor_surrogate
jdft2d,hpsafemoe_prediction,636,59,0.5524155717263728,0.7247082140857211,30.425673256852477,31.622776601683793,31.622776601683793,99.22076979979241,moderate,linear_shap_for_raw_descriptor_surrogate
jdft2d,stage2_correction,636,59,-0.10527813912761386,-0.04671297071032909,0.4871789126575346,3162.2776601683795,3162.2776601683795,-0.06302955159389595,low,linear_shap_for_raw_descriptor_surrogate
jdft2d,benefit_gate_probability,636,59,-0.11487445366273552,-0.13897282122338894,0.09489873131770442,1000.0,1000.0,0.5992585688583413,low,linear_shap_for_raw_descriptor_surrogate
jdft2d,realized_local_gain,636,59,-0.007853177730664518,-0.062267493193588215,0.4415777762518949,10000.0,10000.0,0.015457624747336732,low,linear_shap_for_raw_descriptor_surrogate
dielectric,stage1_anchor_prediction,1500,60,0.5654013872587402,0.8881668445185976,0.35516523514097903,100.0,100.0,2.372463086128235,moderate,linear_shap_for_raw_descriptor_surrogate
dielectric,hpsafemoe_prediction,1500,60,0.6158484284991197,0.8959519395341954,0.3115631185349503,100.0,100.0,2.320297534275547,moderate,linear_shap_for_raw_descriptor_surrogate
dielectric,stage2_correction,1500,60,0.03783162702037823,0.08774369135745247,0.09144517310414854,1000.0,1000.0,-0.052165551852687696,low,linear_shap_for_raw_descriptor_surrogate
dielectric,benefit_gate_probability,1500,60,-0.07753015452841061,-0.09336777483012215,0.050639278122552166,1000.0,1000.0,0.5100961412290732,low,linear_shap_for_raw_descriptor_surrogate
dielectric,realized_local_gain,1500,60,-0.028767650366018804,-0.04834554290330566,0.05588340202724242,10000.0,10000.0,0.015454387854379838,low,linear_shap_for_raw_descriptor_surrogate
log_kvrh,stage1_anchor_prediction,1500,60,0.8033053060717814,0.9174116290718352,0.11539551275136024,0.01,0.01,1.8769142438978113,high,linear_shap_for_raw_descriptor_surrogate
log_kvrh,hpsafemoe_prediction,1500,60,0.8009145689049824,0.91706644491842,0.11629716859751889,0.01,0.01,1.8765384904805096,high,linear_shap_for_raw_descriptor_surrogate
log_kvrh,stage2_correction,1500,60,-0.08200397101252799,-0.14320839202783717,0.002912037685962937,316.22776601683796,316.22776601683796,-0.00037575341730173775,low,linear_shap_for_raw_descriptor_surrogate
log_kvrh,benefit_gate_probability,1500,60,0.08357490850697724,0.27287546705576315,0.02611737045835843,100.0,1.0,0.5037758699655532,low,linear_shap_for_raw_descriptor_surrogate
log_kvrh,realized_local_gain,1500,60,-0.0023608191337194384,6.597360074675799e-05,0.0024018629345824924,10000.0,10000.0,0.00023589889316285244,low,linear_shap_for_raw_descriptor_surrogate
log_gvrh,stage1_anchor_prediction,1500,60,0.7393138661439205,0.8738324843699932,0.135008134222017,0.01,0.01,1.5560187624916435,moderate,linear_shap_for_raw_descriptor_surrogate
log_gvrh,hpsafemoe_prediction,1500,60,0.7387251222980402,0.8732789623462056,0.13603384009564787,0.01,0.01,1.5557574964705878,moderate,linear_shap_for_raw_descriptor_surrogate
log_gvrh,stage2_correction,1500,60,-0.03818206568482552,0.14685223880149656,0.003549900247023226,316.22776601683796,316.22776601683796,-0.00026126602105539047,low,linear_shap_for_raw_descriptor_surrogate
log_gvrh,benefit_gate_probability,1500,60,-0.09046897653110841,0.14385156450634115,0.029759020813755078,316.22776601683796,316.22776601683796,0.5130232205986976,low,linear_shap_for_raw_descriptor_surrogate
log_gvrh,realized_local_gain,1500,60,7.287221984730863e-05,0.05623451121677606,0.0029098299147495405,10000.0,10000.0,-9.047961323592661e-05,low,linear_shap_for_raw_descriptor_surrogate
perovskites,stage1_anchor_prediction,1500,56,0.5598976515370069,0.7010408733514994,0.3719843928099527,0.03162277660168379,0.03162277660168379,1.4671777569850286,moderate,linear_shap_for_raw_descriptor_surrogate
perovskites,hpsafemoe_prediction,1500,56,0.5599789679154743,0.7009812573250033,0.3715569101077065,0.03162277660168379,0.03162277660168379,1.466269937808483,moderate,linear_shap_for_raw_descriptor_surrogate
perovskites,stage2_correction,1500,56,-0.2084729203286937,-0.3208304545047319,0.005458339294030348,31.622776601683793,31.622776601683793,-0.0009078191765454826,low,linear_shap_for_raw_descriptor_surrogate
perovskites,benefit_gate_probability,1500,56,-0.04007887163268342,-0.1683093832486148,0.09524662447929703,10000.0,10000.0,0.5392240161101023,low,linear_shap_for_raw_descriptor_surrogate
perovskites,realized_local_gain,1500,56,-0.003465068021426987,0.0032755401957318808,0.004592459334211789,10000.0,10000.0,0.0009706339220704393,low,linear_shap_for_raw_descriptor_surrogate
phonons,stage1_anchor_prediction,1265,60,0.7219310041035468,0.8979736532537618,157.95621888836,0.03162277660168379,0.03162277660168379,579.7514613939368,moderate,linear_shap_for_raw_descriptor_surrogate
phonons,hpsafemoe_prediction,1265,60,0.7230349326014351,0.8979903406408478,157.97971984186393,0.03162277660168379,0.03162277660168379,579.9180954650668,moderate,linear_shap_for_raw_descriptor_surrogate
phonons,stage2_correction,1265,60,-0.044970985606126446,-0.07858899324728366,2.44536787181529,1000.0,1000.0,0.16663407113001136,low,linear_shap_for_raw_descriptor_surrogate
phonons,benefit_gate_probability,1265,60,-0.12261278703993583,-0.24504900934422538,0.10020547964016896,3162.2776601683795,3162.2776601683795,0.6350637482913587,low,linear_shap_for_raw_descriptor_surrogate
phonons,realized_local_gain,1265,60,-0.0026473112075855454,0.007900005799341796,2.1736814619390694,10000.0,10000.0,0.3245855677348184,low,linear_shap_for_raw_descriptor_surrogate
mp_gap,stage1_anchor_prediction,1500,60,0.11319225057169335,0.6695347545899117,0.9724504268673614,31.622776601683793,31.622776601683793,1.2271348936160404,low,linear_shap_for_raw_descriptor_surrogate
mp_gap,hpsafemoe_prediction,1500,60,0.11241603368793385,0.6998791052790652,0.9699943808765922,31.622776601683793,31.622776601683793,1.2215702787938745,low,linear_shap_for_raw_descriptor_surrogate
mp_gap,stage2_correction,1500,60,-0.07922922924645115,-0.010044779435532555,0.010993420544712916,1000.0,1000.0,-0.005564614822165995,low,linear_shap_for_raw_descriptor_surrogate
mp_gap,benefit_gate_probability,1500,60,-0.2030443291127626,-0.5205030117791164,0.13314611034333587,10000.0,10000.0,0.5305810793340207,low,linear_shap_for_raw_descriptor_surrogate
mp_gap,realized_local_gain,1500,60,0.001981494056495392,-0.005327893781666634,0.009298042193740624,10000.0,10000.0,0.002065705217360998,low,linear_shap_for_raw_descriptor_surrogate
mp_is_metal,stage1_anchor_prediction,1500,60,0.5567380343960315,0.7134301479283884,0.22836098548729328,0.01,0.01,0.47618245393388353,moderate,linear_shap_for_raw_descriptor_surrogate
mp_is_metal,hpsafemoe_prediction,1500,60,0.5439698879363637,0.7340468649097179,0.24193276920579523,0.03162277660168379,0.01,0.488815860434467,moderate,linear_shap_for_raw_descriptor_surrogate
mp_is_metal,stage2_correction,1500,60,-0.0017946982087881924,-0.004443393974841767,0.0549344546690387,3162.2776601683795,3162.2776601683795,0.012633406500583417,low,linear_shap_for_raw_descriptor_surrogate
mp_is_metal,benefit_gate_probability,1500,60,,,0.0,,,1.0,low,linear_shap_for_raw_descriptor_surrogate
mp_is_metal,realized_local_gain,1500,60,-0.004234771438655249,0.002666298073910255,0.11734228582724206,10000.0,10000.0,0.05077959016191597,low,linear_shap_for_raw_descriptor_surrogate
mp_e_form,stage1_anchor_prediction,1500,60,0.8331586875719583,0.917361197049421,0.363128560052623,0.03162277660168379,0.03162277660168379,-1.4010082333485285,high,linear_shap_for_raw_descriptor_surrogate
mp_e_form,hpsafemoe_prediction,1500,60,0.8328271548719642,0.9172379934391084,0.36358834628785336,0.03162277660168379,0.03162277660168379,-1.4005936157526642,high,linear_shap_for_raw_descriptor_surrogate
mp_e_form,stage2_correction,1500,60,-0.12330505150760174,-0.2248301365111144,0.0033502363105105916,3162.2776601683795,10000.0,0.00041461759586411363,low,linear_shap_for_raw_descriptor_surrogate
mp_e_form,benefit_gate_probability,1500,60,-0.07200360972420095,-0.06111799694133198,0.06921383171261768,1000.0,1000.0,0.4996527142326037,low,linear_shap_for_raw_descriptor_surrogate
mp_e_form,realized_local_gain,1500,60,-0.003927555031648433,0.028567637315210757,0.002788140803216408,3162.2776601683795,3162.2776601683795,0.0009834802786339418,low,linear_shap_for_raw_descriptor_surrogate
